REPLACE INTO `battlepay_display_info` (`DisplayInfoId`, `CreatureDisplayInfoID`, `FileDataID`, `Flags`, `Name1`, `Name2`, `Name3`, `Name4`) VALUES
('1635','1408997','0','0','|cffe5cc80Premade character(PvE) level 110','','|cff1eff00Buying a premade character include :\r\n- ilevel 850 PvE gear.\r\n- ilevel 840 trinkets and cloak\r\n- 20 000 golds\r\n- Instant level 110.\r\n- One mount PvP only: Wrathful Gladiators Frost Wyrm.\r\n- 4 Bags 36 Slot.',''),
('1645','1394890','0','0','|cffe5cc80Promotion','','|cff1eff00You learn all equitations. + Mount.','');

REPLACE INTO `battlepay_display_info_locales` (`Id`, `Locale`, `Name1`, `Name3`) VALUES
('1645', 'esES', '|cffe5cc80Promo', '|cff1eff00Aprendes todas las equitaciones. + Montura.'),
('1645', 'esMX', '|cffe5cc80Promo', '|cff1eff00Aprendes todas las equitaciones. + Montura.'),
('1635','esES','|cffe5cc80Prefabricado(PvE) nivel 110','|cff1eff00Comprar un jugador prefabricado incluye:\r\n- Abalorios y capas de nivel 840.\r\n- 20.000 monedas de oro.\r\n- Nivel 110 instantáneo.\r\n- Una montura PvP única: Vermis de escarcha de Gladiador colérico.\r\n- 4 Bolsas de 36 Casillas.'),
('1635','esMX','|cffe5cc80Prefabricado(PvE) nivel 110','|cff1eff00Comprar un jugador prefabricado incluye:\r\n-  Abalorios y capas de nivel 840.\r\n- 20.000 monedas de oro.\r\n- Nivel 110 instantáneo.\r\n- Una montura PvP única: Vermis de escarcha de Gladiador colérico.\r\n- 4 Bolsas de 36 Casillas.');

REPLACE INTO `battlepay_display_info_locales` (`Id`, `Locale`, `Name1`, `Name3`) VALUES
('1653', 'esES', '|cffe5cc80Renombrar Hermandad', '|cff1eff00Tienes que ser Lider de Hermandad para comprar esta opcion \r\n de lo contrario solo gastaras tus puntos de tienda..'),
('1653', 'esMX', '|cffe5cc80Renombrar Hermandad', '|cff1eff00Tienes que ser Lider de Hermandad para comprar esta opcion \r\n de lo contrario solo gastaras tus puntos de tienda..'),
('1652', 'esES', '|cffe5cc80Poder de Artefacto', '|cff1eff00Te Agrega poder de artefacto a tu arma.'),
('1652', 'esMX', '|cffe5cc80Poder de Artefacto', '|cff1eff00Te Agrega poder de artefacto a tu arma.'),
('1651', 'esES', '|cffe5cc80Vuelo Draenor y Legion', '|cff1eff00Aprendes a volar en las zonas de Draenor y Legion. + Montura.'),
('1651', 'esMX', '|cffe5cc80Vuelo Draenor y Legion', '|cff1eff00Aprendes a volar en las zonas de Draenor y Legion. + Montura.');

REPLACE INTO `battlepay_display_info` (`DisplayInfoId`, `CreatureDisplayInfoID`, `FileDataID`, `Flags`, `Name1`, `Name2`, `Name3`, `Name4`) VALUES
('1653','2437242','0','0','|cffe5cc80Rename Guild','','|cff1eff00You have to be a Guild master to buy this option \r\n otherwise you will only spend your store points..',''),
('1652','1237900','0','0','|cffe5cc80Artifact Power','','|cff1eff00Add artifact power to your weapon.',''),
('1651','1450455','0','0','|cffe5cc80Draenor and Legion flight','','|cff1eff00You learn to fly in the Draenor and Legion zones. + Mount.','');

REPLACE INTO `battlepay_shop_entry` (`EntryID`, `GroupID`, `ProductID`, `Ordering`, `BannerType`, `DisplayInfoID`) VALUES 
('1653', '3', '1653', '18', '0', '0'),
('1652', '3', '1652', '19', '0', '0'),
('1651', '3', '1651', '20', '0', '0');

REPLACE INTO `battlepay_product` (`ProductID`, `NormalPriceFixedPoint`, `CurrentPriceFixedPoint`, `Type`, `ChoiceType`, `Flags`, `DisplayInfoID`, `ScriptName`, `WebsiteType`) VALUES 
('1653', '8', '10', '0', '2', '0', '1653', '', '6'),
('1652', '15', '20', '0', '2', '0', '1652', '', '67'),
('1651', '10', '12', '0', '2', '128706', '1651', '', '66');

DELETE FROM `battlepay_product_item` WHERE `ID` = '874'; 
DELETE FROM `battlepay_product_item` WHERE `ID` = '880'; 
DELETE FROM `battlepay_product_item` WHERE `ID` = '879'; 
DELETE FROM `battlepay_product_item` WHERE `ID` = '878'; 
DELETE FROM `battlepay_product_item` WHERE `ID` = '877'; 
DELETE FROM `battlepay_product_item` WHERE `ID` = '876'; 
DELETE FROM `battlepay_product_item` WHERE `ID` = '875'; 
DELETE FROM `battlepay_product_item` WHERE `ID` = '912'; 
DELETE FROM `battlepay_product_item` WHERE `ID` = '913'; 
DELETE FROM `battlepay_product_item` WHERE `ID` = '902'; 
DELETE FROM `battlepay_product_item` WHERE `ID` = '903'; 
DELETE FROM `battlepay_product_item` WHERE `ID` = '904'; 
DELETE FROM `battlepay_product_item` WHERE `ID` = '905'; 
DELETE FROM `battlepay_product_item` WHERE `ID` = '906'; 
DELETE FROM `battlepay_product_item` WHERE `ID` = '907'; 
DELETE FROM `battlepay_product_item` WHERE `ID` = '908'; 
DELETE FROM `battlepay_product_item` WHERE `ID` = '886'; 
DELETE FROM `battlepay_product_item` WHERE `ID` = '893'; 
DELETE FROM `battlepay_product_item` WHERE `ID` = '883'; 
DELETE FROM `battlepay_product_item` WHERE `ID` = '895'; 
DELETE FROM `battlepay_product_item` WHERE `ID` = '881'; 
DELETE FROM `battlepay_product_item` WHERE `ID` = '891'; 
DELETE FROM `battlepay_product_item` WHERE `ID` = '890'; 
DELETE FROM `battlepay_product_item` WHERE `ID` = '885'; 
DELETE FROM `battlepay_product_item` WHERE `ID` = '892'; 
DELETE FROM `battlepay_product_item` WHERE `ID` = '894'; 
DELETE FROM `battlepay_product_item` WHERE `ID` = '889'; 
DELETE FROM `battlepay_product_item` WHERE `ID` = '884'; 
DELETE FROM `battlepay_product_item` WHERE `ID` = '887'; 
DELETE FROM `battlepay_product_item` WHERE `ID` = '882'; 
DELETE FROM `battlepay_product_item` WHERE `ID` = '888'; 
DELETE FROM `battlepay_product_item` WHERE `ID` = '910'; 
DELETE FROM `battlepay_product_item` WHERE `ID` = '911'; 
DELETE FROM `battlepay_product_item` WHERE `ID` = '909'; 

DELETE FROM `battlepay_shop_entry` WHERE `GroupID` IN (3,4,5); 

--    Monedas --------
REPLACE INTO `battlepay_product` (`ProductID`, `NormalPriceFixedPoint`, `CurrentPriceFixedPoint`, `Type`, `ChoiceType`, `Flags`, `DisplayInfoID`, `ScriptName`, `WebsiteType`) VALUES 
('1600', '2', '1', '0', '2', '', '1600', '', '32'), -- oro 20k
('1601', '3', '2', '0', '2', '', '1601', '', '33'), -- oro 50k
('1602', '4', '3', '0', '2', '', '1602', '', '34'), -- oro 100k
('1603', '5', '4', '0', '2', '', '1603', '', '35'), -- oro 250k
('1604', '6', '5', '0', '2', '', '1604', '', '36'), -- oro 500k
('1605', '7', '6', '0', '2', '', '1605', '', '37'), -- oro 1000k
('1606', '3', '2', '0', '2', '', '1606', '', '7'), -- 5k sede
('1607', '7', '6', '0', '2', '', '1607', '', '7'), -- esencia despertar
('1608', '4', '3', '0', '2', '', '1608', '', '7'), -- sello del destino
('1609', '4', '3', '0', '2', '', '1609', '', '7'), -- Argunita velada
('1610', '4', '3', '0', '2', '', '1610', '', '7'), -- Ecos de Batalla
('1611', '4', '3', '0', '2', '', '1611', '', '38'), -- fragmento del vacio
('1612', '4', '3', '0', '2', '', '1612', '', '39'), -- Suministros del ocaso de la legion
('1613', '4', '3', '0', '2', '', '1613', '', '7'); -- ojo vidente

REPLACE INTO `battlepay_product_item` (`ID`, `ProductID`, `ItemID`, `Quantity`, `DisplayID`, `PetResult`, `CreatureDisplayInfoID`) VALUES
(1606,1606,1220,5000,0,0,0), -- sede
(1607,1607,1533,2000,0,0,0), -- Esencia del Despertar
(1608,1608,1273,6,0,0,0), -- Sello del Destino -- 1604167 -- Seal of Broken Fate
(1609,1609,1508,2000,0,0,0), -- Argunita Velada-- 1064188 -- Veiled Argunite
(1610,1610,1356,2000,0,0,0), -- Ecos de Batalla -- 1455891 -- Echoes of Battle
(1611,1611,1226,5000,0,0,0), -- Fragmento del vacio -- 132775 -- 
(1612,1612,1342,1000,0,0,0), -- Suministros del Ocaso de la Legión -- 803763
(1613,1613,1149,2000,0,0,0);-- Ojo invidente -- 801132 -- Sightless Eye 

REPLACE INTO `battlepay_shop_entry` (`EntryID`, `GroupID`, `ProductID`, `Ordering`, `BannerType`, `DisplayInfoID`) VALUES 
('1600', '4', '1600', '1', '0', '0'),
('1601', '4', '1601', '2', '0', '0'),
('1602', '4', '1602', '3', '0', '0'),
('1603', '4', '1603', '4', '0', '0'),
('1604', '4', '1604', '5', '0', '0'),
('1605', '4', '1605', '6', '0', '0'),
('1606', '4', '1606', '7', '0', '0'),
('1607', '4', '1607', '8', '0', '0'),
('1608', '4', '1608', '9', '0', '0'),
('1609', '4', '1609', '10', '0', '0'),
('1610', '4', '1610', '11', '0', '0'),
('1611', '4', '1611', '12', '0', '0'),
('1612', '4', '1612', '13', '0', '0'),
('1613', '4', '1613', '14', '0', '0');

REPLACE INTO `battlepay_display_info` (`DisplayInfoId`, `CreatureDisplayInfoID`, `FileDataID`, `Flags`, `Name1`, `Name2`, `Name3`, `Name4`) VALUES
('1600','133789','0','0','|cffe5cc8020.000 golds','','',''),
('1601','133789','0','0','|cffe5cc8050.000 golds','','',''),
('1602','133789','0','0','|cffe5cc80100.000 golds','','',''),
('1603','133787','0','0','|cffe5cc80250.000 golds','','',''),
('1604','133784','0','0','|cffe5cc80500.000 golds','','',''),
('1605','133785','0','0','|cffe5cc801.000.000 golds','','',''),
('1606','1397630','0','0','|cffe5cc80Order Resources 5.000','','',''),
('1607','236521','0','0','|cffe5cc80Wakening Essence 2.000','|cff1eff00Used by Arcanomancer Vridiel in Dalaran above the Broken Isles to create or upgrade Legion Legendary items.','',''),
('1608','1604167','0','0','|cffe5cc80Seal of Broken Fate x6','|cff1eff00Twists fate to provide an opportunity for additional treasure from Legion raid and Mythic dungeon bosses.','',''),
('1609','1064188','0','0','|cffe5cc80Veiled Argunite 2.000','|cff1eff00This dull-colored crystal is highly valued by ethereal traders, especially Thaumaturge Vashreen aboard the Vindicaar.','',''),
('1610','1455891','0','0','|cffe5cc80Echoes of Battle 2.000','|cff1eff00Used to purchase powerful PvP armor. At the end of the season, this currency converts to gold.','',''),
('1611','132775','0','0','|cffe5cc80Nethershard 5.000','|cff1eff00A fragment of crystallized nether brought to Azeroth by the Legion.','',''),
('1612','803763','0','0','|cffe5cc80Legionfall War Supplies 1.000','|cff1eff00Used to further the construction of valuable structures on the Broken Shore.','',''),
('1613','801132','0','0','|cffe5cc80Sightless Eye 2.000','|cff1eff00A rough, hand-minted coin. It bears a symbol similar to that of the Kirin Tor, with one key difference: the eye is closed.','','');
REPLACE INTO `battlepay_display_info_locales` (`Id`, `Locale`, `Name1`, `Name3`) VALUES
('1600','esES','|cffe5cc8020.000 oro',NULL),
('1601','esES','|cffe5cc8050.000 oro',NULL),
('1602','esES','|cffe5cc80100.000 oro',NULL),
('1603','esES','|cffe5cc80250.000 oro',NULL),
('1604','esES','|cffe5cc80500.000 oro',NULL),
('1605','esES','|cffe5cc801.000.000 oro',NULL),
('1600','esMX','|cffe5cc8020.000 oro',NULL),
('1601','esMX','|cffe5cc8050.000 oro',NULL),
('1602','esMX','|cffe5cc80100.000 oro',NULL),
('1603','esMX','|cffe5cc80250.000 oro',NULL),
('1604','esMX','|cffe5cc80500.000 oro',NULL),
('1605','esMX','|cffe5cc801.000.000 oro',NULL),
('1606', 'esES', '|cffe5cc80Recursos de la orden 5.000', '|cff1eff00Se usa para reclutar tropas, ejecutar misiones e investigar mejoras para tu Sala de orden.'),
('1606', 'esMX', '|cffe5cc80Recursos de la orden 5.000', '|cff1eff00Se usa para reclutar tropas, ejecutar misiones e investigar mejoras para tu Sala de orden.'),
('1607', 'esES', '|cffe5cc80Esencia del Despertar 2.000', '|cff1eff00Utilizado por el Arcanomántico Vridiel en Dalaran, sobre las Islas Quebradas, para crear o mejorar objetos legendarios de Legion.'),
('1607', 'esMX', '|cffe5cc80Esencia del Despertar 2.000', '|cff1eff00Utilizado por el Arcanomántico Vridiel en Dalaran, sobre las Islas Quebradas, para crear o mejorar objetos legendarios de Legion.'),
('1608', 'esES', '|cffe5cc80Sello del Destino tábido x6', '|cff1eff00Tuerce el destino para dar la oportunidad de obtener más tesoros de los jefes de banda de Legion y calabozos míticos.'),
('1608', 'esMX', '|cffe5cc80Sello del Destino tábido x6', '|cff1eff00Tuerce el destino para dar la oportunidad de obtener más tesoros de los jefes de banda de Legion y calabozos míticos.'),
('1609', 'esES', '|cffe5cc80Argunita velada 2.000', '|cff1eff00Este cristal de color opaco es un objeto muy codiciado por los comerciantes etéreos, especialmente el Taumaturgo Vahsreen, que se encuentra a bordo del Vindicaar.'),
('1609', 'esMX', '|cffe5cc80Argunita velada 2.000', '|cff1eff00Este cristal de color opaco es un objeto muy codiciado por los comerciantes etéreos, especialmente el Taumaturgo Vahsreen, que se encuentra a bordo del Vindicaar.'),
('1610', 'esES', '|cffe5cc80Ecos de batalla 2.000', '|cff1eff00Se utiliza para comprar armaduras de JcJ poderosas. Cuando termina la temporada, esta moneda se convierte en oro.'),
('1610', 'esMX', '|cffe5cc80Ecos de batalla 2.000', '|cff1eff00Se utiliza para comprar armaduras de JcJ poderosas. Cuando termina la temporada, esta moneda se convierte en oro.'),
('1611', 'esES', '|cffe5cc80Fragmento del vacío 5.000', '|cff1eff00Un fragmento de vacío cristalizado que la Legión llevó a Azeroth.'),
('1611', 'esMX', '|cffe5cc80Fragmento del vacío 5.000', '|cff1eff00Un fragmento de vacío cristalizado que la Legión llevó a Azeroth.'),
('1612', 'esES', '|cffe5cc80Suministros bélicos de Legión caída 1.000', '|cff1eff00Se usan para avanzar en la construcción de estructuras valiosas en la Costa Quebrada.'),
('1612', 'esMX', '|cffe5cc80Suministros bélicos de Legión caída 1.000', '|cff1eff00Se usan para avanzar en la construcción de estructuras valiosas en la Costa Quebrada.'),
('1613', 'esES', '|cffe5cc80Ojo invidente 2.000', '|cff1eff00Una moneda tosca, hecha a mano. Lleva un símbolo similar al de los Kirin Tor, con una diferencia específica: el ojo está cerrado.'),
('1613', 'esMX', '|cffe5cc80Ojo invidente 2.000', '|cff1eff00Una moneda tosca, hecha a mano. Lleva un símbolo similar al de los Kirin Tor, con una diferencia específica: el ojo está cerrado.');

REPLACE INTO `battlepay_display_info` (`DisplayInfoId`, `CreatureDisplayInfoID`, `FileDataID`, `Flags`, `Name1`, `Name2`, `Name3`, `Name4`) VALUES
('1660','136240','0','0','|cffe5cc80Alchemy - 800','','|cff1eff00Learn Alchemy 800 with all recipes until Legion included.',''),
('1661','441139','0','0','|cffe5cc80Archeology - 800','','|cff1eff00Learn Archeology 800 with all recipes until Legion included.',''),
('1662','136241','0','0','|cffe5cc80Blacksmithing - 800','','|cff1eff00Learn Blacksmithing 800 with all recipes until Legion included.',''),
('1663','571695','0','0','|cffe5cc80Cooking - 800','','|cff1eff00Learn Cooking 800 with all recipes until Legion included.',''),
('1664','136244','0','0','|cffe5cc80Enchanting - 800','','|cff1eff00Learn Enchanting 800 with all recipes until Legion included.',''),
('1665','136243','0','0','|cffe5cc80Engineering - 800','','|cff1eff00Learn Engineering 800 with all recipes until Legion included.',''),
('1666','1014021','0','0','|cffe5cc80First aid - 800','','|cff1eff00Learn First Aid 800 with all recipes until Legion included.',''),
('1667','136245','0','0','|cffe5cc80Fishing - 800','','|cff1eff00Learn Fishing 800 with all recipes until Legion included.',''),
('1668','136246','0','0','|cffe5cc80Herbalist - 800','','|cff1eff00Learn Herbalist 800 with all recipes until Legion included.',''),
('1669','237171','0','0','|cffe5cc80Inscription - 800','','|cff1eff00Learn Inscription 800 with all recipes until Legion included.',''),
('1670','134071','0','0','|cffe5cc80Jewelcrafting - 800','','|cff1eff00Learn Jewelcrafting 800 with all recipes until Legion included.',''),
('1671','134366','0','0','|cffe5cc80Skinning - 800','','|cff1eff00Learn Skinning 800 with all recipes until Legion included.',''),
('1672','136249','0','0','|cffe5cc80Tailoring - 800','','|cff1eff00Learn Tailoring 800 with all recipes until Legion included.',''),
('1673','136248','0','0','|cffe5cc80Mining - 800','','|cff1eff00Learn Mining 800 with all recipes until Legion included.',''),
('1674','136247','0','0','|cffe5cc80Leatherworking - 800','','|cff1eff00Learn Leatherworking 800 with all recipes until Legion included.','');

REPLACE INTO `battlepay_product` (`ProductID`, `NormalPriceFixedPoint`, `CurrentPriceFixedPoint`, `Type`, `ChoiceType`, `Flags`, `DisplayInfoID`, `ScriptName`, `WebsiteType`) VALUES 
('1660', '8', '7', '0', '2', '0', '1660', '', '40'),
('1661', '5', '4', '0', '2', '0', '1661', '', '53'),
('1662', '8', '7', '0', '2', '0', '1662', '', '43'),
('1663', '5', '4', '0', '2', '0', '1663', '', '51'),
('1664', '8', '7', '0', '2', '0', '1664', '', '47'),
('1665', '8', '7', '0', '2', '0', '1665', '', '45'),
('1666', '5', '4', '0', '2', '0', '1666', '', '52'),
('1667', '5', '4', '0', '2', '0', '1667', '', '54'),
('1668', '8', '7', '0', '2', '0', '1668', '', '50'),
('1669', '8', '7', '0', '2', '0', '1669', '', '46'),
('1670', '8', '7', '0', '2', '0', '1670', '', '42'),
('1671', '8', '7', '0', '2', '0', '1671', '', '48'),
('1672', '8', '7', '0', '2', '0', '1672', '', '41'),
('1673', '8', '7', '0', '2', '0', '1673', '', '49'),
('1674', '8', '7', '0', '2', '0', '1674', '', '44');

REPLACE INTO `battlepay_shop_entry` (`EntryID`, `GroupID`, `ProductID`, `Ordering`, `BannerType`, `DisplayInfoID`) VALUES 
('1660', '5', '1660', '1', '0', '0'),
('1661', '5', '1661', '12', '0', '0'),
('1662', '5', '1662', '2', '0', '0'),
('1663', '5', '1663', '13', '0', '0'),
('1664', '5', '1664', '3', '0', '0'),
('1665', '5', '1665', '4', '0', '0'),
('1666', '5', '1666', '14', '0', '0'),
('1667', '5', '1667', '15', '0', '0'),
('1668', '5', '1668', '5', '0', '0'),
('1669', '5', '1669', '6', '0', '0'),
('1670', '5', '1670', '7', '0', '0'),
('1671', '5', '1671', '8', '0', '0'),
('1672', '5', '1672', '9', '0', '0'),
('1673', '5', '1673', '10', '0', '0'),
('1674', '5', '1674', '11', '0', '0');

REPLACE INTO `battlepay_display_info_locales` (`Id`, `Locale`, `Name1`, `Name3`) VALUES
('1660','esMX','|cffe5cc80Alquimia - 800','|cff1eff00Aprende Alquimia 800 con todas las recetas, incluyendo hasta Legion.'),
('1661','esMX','|cffe5cc80Arqueología - 800','|cff1eff00Aprende Arqueología 800 con todas las recetas, incluyendo hasta Legion.'),
('1662','esMX','|cffe5cc80Herrería - 800','|cff1eff00Aprende Herrería 800 con todas las recetas, incluyendo hasta Legion.'),
('1663','esMX','|cffe5cc80Cocina - 800','|cff1eff00Aprende Cocina 800 con todas las recetas, incluyendo hasta Legion.'),
('1664','esMX','|cffe5cc80Encantamiento - 800','|cff1eff00Aprende Encantamiento 800 con todas las recetas, incluyendo hasta Legion.'),
('1665','esMX','|cffe5cc80Ingeniería - 800','|cff1eff00Aprende Ingeniería 800 con todas las recetas, incluyendo hasta Legion.'),
('1666','esMX','|cffe5cc80Primeros auxilios - 800','|cff1eff00Aprende Primeros auxilios 800 con todas las recetas, incluyendo hasta Legion.'),
('1667','esMX','|cffe5cc80Pesca - 800','|cff1eff00Aprende Pesca 800 con todas las recetas, incluyendo hasta Legion.'),
('1668','esMX','|cffe5cc80Herboristería - 800','|cff1eff00Aprende Herboristería 800 con todas las recetas, incluyendo hasta Legion.'),
('1669','esMX','|cffe5cc80Inscripción - 800','|cff1eff00Aprende Inscripción 800 con todas las recetas, incluyendo hasta Legion.'),
('1670','esMX','|cffe5cc80Joyería - 800','|cff1eff00Aprende Joyería 800 con todas las recetas, incluyendo hasta Legion.'),
('1671','esMX','|cffe5cc80Desuello - 800','|cff1eff00Aprende Desuello 800 con todas las recetas, incluyendo hasta Legion.'),
('1672','esMX','|cffe5cc80Sastrería - 800','|cff1eff00Aprende Sastrería 800 con todas las recetas, incluyendo hasta Legion.'),
('1673','esMX','|cffe5cc80Minería - 800','|cff1eff00Aprende Minería 800 con todas las recetas, incluyendo hasta Legion.'),
('1674','esMX','|cffe5cc80Peletería - 800','|cff1eff00Aprende Peleteria 800 con todas las recetas, incluyendo hasta Legion.'),
('1660','esES','|cffe5cc80Alquimia - 800','|cff1eff00Aprende Alquimia 800 con todas las recetas, incluyendo hasta Legion.'),
('1661','esES','|cffe5cc80Arqueología - 800','|cff1eff00Aprende Arqueología 800 con todas las recetas, incluyendo hasta Legion.'),
('1662','esES','|cffe5cc80Herrería - 800','|cff1eff00Aprende Herrería 800 con todas las recetas, incluyendo hasta Legion.'),
('1663','esES','|cffe5cc80Cocina - 800','|cff1eff00Aprende Cocina 800 con todas las recetas, incluyendo hasta Legion.'),
('1664','esES','|cffe5cc80Encantamiento - 800','|cff1eff00Aprende Encantamiento 800 con todas las recetas, incluyendo hasta Legion.'),
('1665','esES','|cffe5cc80Ingeniería - 800','|cff1eff00Aprende Ingeniería 800 con todas las recetas, incluyendo hasta Legion.'),
('1666','esES','|cffe5cc80Primeros auxilios - 800','|cff1eff00Aprende Primeros auxilios 800 con todas las recetas, incluyendo hasta Legion.'),
('1667','esES','|cffe5cc80Pesca - 800','|cff1eff00Aprende Pesca 800 con todas las recetas, incluyendo hasta Legion.'),
('1668','esES','|cffe5cc80Herboristería - 800','|cff1eff00Aprende Herboristería 800 con todas las recetas, incluyendo hasta Legion.'),
('1669','esES','|cffe5cc80Inscripción - 800','|cff1eff00Aprende Inscripción 800 con todas las recetas, incluyendo hasta Legion.'),
('1670','esES','|cffe5cc80Joyería - 800','|cff1eff00Aprende Joyería 800 con todas las recetas, incluyendo hasta Legion.'),
('1671','esES','|cffe5cc80Desuello - 800','|cff1eff00Aprende Desuello 800 con todas las recetas, incluyendo hasta Legion.'),
('1672','esES','|cffe5cc80Sastrería - 800','|cff1eff00Aprende Sastrería 800 con todas las recetas, incluyendo hasta Legion.'),
('1673','esES','|cffe5cc80Minería - 800','|cff1eff00Aprende Minería 800 con todas las recetas, incluyendo hasta Legion.'),
('1674','esES','|cffe5cc80Peletería - 800','|cff1eff00Aprende Peleteria 800 con todas las recetas, incluyendo hasta Legion.');

REPLACE INTO `battlepay_product` (`ProductID`, `NormalPriceFixedPoint`, `CurrentPriceFixedPoint`, `Type`, `ChoiceType`, `Flags`, `DisplayInfoID`, `ScriptName`, `WebsiteType`) VALUES 
('1630', '5', '4', '0', '2', '0', '1630', '', '8'),
('1631', '3', '2', '0', '2', '0', '1631', '', '5'),
('1632', '3', '2', '0', '2', '0', '1632', '', '9'),
('1633', '3', '2', '0', '2', '0', '1633', '', '10'),
('1634', '3', '2', '0', '2', '0', '1634', '', '22'),
('1635', '12', '10', '0', '2', '0', '1635', '', '64'),
('1637', '5', '4', '0', '2', '0', '1637', '', '56'),
('1638', '5', '4', '0', '2', '0', '1638', '', '57'),
('1639', '5', '4', '0', '2', '0', '1639', '', '59'),
('1640', '5', '4', '0', '2', '0', '1640', '', '58'),
('1641', '5', '4', '0', '2', '0', '1641', '', '60'),
('1642', '5', '4', '0', '2', '0', '1642', '', '61'),
('1643', '5', '4', '0', '2', '0', '1643', '', '62'),
('1644', '1', '1', '0', '2', '0', '1644', '', '63'),
('1645', '3', '2', '0', '2', '0', '1645', '', '55'),
('1646', '5', '5', '0', '2', '0', '1646', '', '31'),
('1647', '3', '2', '0', '2', '0', '1647', '', '68'),
('1648', '3', '2', '0', '2', '0', '1648', '', '69'),
('1649', '3', '2', '0', '2', '0', '1649', '', '70'),
('1650', '3', '2', '0', '2', '0', '1650', '', '71');

REPLACE INTO `battlepay_shop_entry` (`EntryID`, `GroupID`, `ProductID`, `Ordering`, `BannerType`, `DisplayInfoID`) VALUES 
('1630', '3', '1630', '1', '0', '0'),
('1631', '3', '1631', '2', '0', '0'),
('1632', '3', '1632', '3', '0', '0'),
('1633', '3', '1633', '4', '0', '0'),
('1634', '3', '1634', '5', '0', '0'),
('1635', '3', '1635', '6', '0', '0'),
('1637', '3', '1637', '8', '0', '0'),
('1638', '3', '1638', '9', '0', '0'),
('1639', '3', '1639', '10', '0', '0'),
('1640', '3', '1640', '11', '0', '0'),
('1641', '3', '1641', '13', '0', '0'),
('1642', '3', '1642', '14', '0', '0'),
('1643', '3', '1643', '15', '0', '0'),
('1644', '3', '1644', '16', '0', '0'),
('1645', '3', '1645', '17', '0', '0'),
('1646', '3', '1646', '18', '0', '0'),
('1647', '3', '1647', '19', '0', '0'),
('1648', '3', '1648', '20', '0', '0'),
('1649', '3', '1649', '21', '0', '0'),
('1650', '3', '1650', '22', '0', '0');

REPLACE INTO `battlepay_display_info` (`DisplayInfoId`, `CreatureDisplayInfoID`, `FileDataID`, `Flags`, `Name1`, `Name2`, `Name3`, `Name4`) VALUES
('1630','1408997','0','0','|cffe5cc80Level 110 Character Boost','','|cff1eff00There comes a time in every hero’s quest when they need a little boost to help get them over the hump and back into the action. With a Level 100 Character Boost, you can grant one character a one-time boost to level 90. Bring your hero up to speed and join the fight on the front lines.',''),
('1631','1126584','0','0','|cffe5cc80Name Change','','|cff1eff00The name you originally chose for your hero doesn’t have to be his name for all eternity. Maybe you have become a little too famous (or notorious), or maybe you just thought of something better; either way, you can change your name and start anew today!',''),
('1632','1126583','0','0','|cffe5cc80Faction Change','','‘|cff1eff00Traitor’ is such a harsh word… sure, your allies may not be thrilled to see you leave, but what have they ever done for you, really? Maybe it’s time you saw what the other side has to offer. Maybe there are already friends waiting for you to join them. Maybe the epics really are purpler on the other side, as the saying goes. Changing factions also includes a free race change so you will fit right in with your new allies!',''),
('1633','939374','0','0','|cffe5cc80Race Change','','I|cff1eff00t ain’t easy being green… or blue… or purplish-pink with pointy ears…. Sometimes a simple touch up of your character’s looks isn’t enough; sometimes you want to go all the way and change which race you belong to! With a race change, you can do just that.',''),
('1634','1126582','0','0','|cffe5cc80Appearance Change','','|cff1eff00Things change, people change, hairstyles change, interest rates fluctuate… if you’re tired of always wearing a full plate helmet to hide your original character appearance choices, then appearance change is for you! Think of it like the kind of simple do-over people wished existed in real life. Appearance change lets you redo the look and even the gender of one of your characters.',''),
('1637','236687','0','0','|cffe5cc80Classic Reputations','','|cff1eff00Upload all Classic reputations to Exalted.',''),
('1638','236687','0','0','|cffe5cc80Burning Crusade Reputations','','|cff1eff00Upload all Burning Crusade reputations to Exalted.',''),
('1639','236682','0','0','|cffe5cc80LichKing Reputations','','|cff1eff00Upload all LichKing reputations to Exalted',''),
('1640','236683','0','0','|cffe5cc80Cataclysm Reputations','','|cff1eff00Upload all Cataclysm reputations to Exalted',''),
('1641','236681','0','0','|cffe5cc80Pandaria Reputations','','|cff1eff00Upload all Pandaria reputations to Exalted',''),
('1642','236684','0','0','|cffe5cc80Draenor Reputations','','|cff1eff00Upload all Draenor reputations to Exalted',''),
('1643','236686','0','0','|cffe5cc80Legion Reputations','','|cff1eff00Upload all Legion reputations to Exalted',''),
('1644','514277','0','0','|cffe5cc80Reset Instances','','|cff1eff00Reset all raids and dungeons to your character',''),
('1646','1603012','0','0','|cffe5cc80Unlock Appearances','','|cff1eff00Unlock Skins of the Artifact Weapon with all your characters on the account',''),
('1647','1786422','0','0','|cffe5cc80Unlock Allied Void Elf','','|cff1eff00Alleria Windrunner has discovered that one of the blood elves was exiled for studying Void magic. If someone found these renegades, Alleria is convinced that he could train them to become a weapon of the Alliance.',''),
('1648','1786420','0','0','|cffe5cc80Unlock Allied Lightforged Draenei','','|cff1eff00The Army of Light played a pivotal role in the victory against the Burning Legion at Argus. High Exarch Turalyon has suggested that these Lightforged soldiers would proudly defend the Alliance from their enemies.',''),
('1649','1786421','0','0','|cffe5cc80Unlock Allied Nightborne','','|cff1eff00After thousands of years of isolation, the Sternamar Nightborns yearn to become part of this world again. Lady Líadrin believes that the Horde would Benefit from an alliance with these ancient elves.',''),
('1650','1786419','0','0','|cffe5cc80Unlock Allied Highmountain Tauren','','|cff1eff00The Tauren tribes of Monte Alto joined together to drive the Burning Legion out of their lands. Baine Bloodhoof believes that his strength and nobility would be a great contribution to the Horde.','');

REPLACE INTO `battlepay_display_info_locales` (`Id`, `Locale`, `Name1`, `Name3`) VALUES
('1630','esES','|cffe5cc80Subida inmediata a nivel 110','|cff1eff00Llega un momento en la vida de todo héroe en el que necesita una pequeña ayuda para superar un obstáculo y volver a la acción. Con la subida al nivel 110, podrás poner al día a tu héroe para incorporarte inmediatamente a la vanguardia.'),
('1631','esES','|cffe5cc80Cambio de nombre','|cff1eff00El nombre que escogiste inicialmente para tu héroe no tiene por qué ser para toda la eternidad. Quizás te has convertido en un personaje demasiado conocido (o impopular), o simplemente se te ha ocurrido algo mejor. De cualquier manera, ahora puedes cambiar de nombre y comenzar una nueva vida.'),
('1632','esES','|cffe5cc80Cambio de facción','|cff1eff00Si no puedes con tu enemigo... Sin duda, tus aliados no estarán encantados de verte marchar, pero hay momentos en los que hay que arriesgarse y descubrir cómo es el mundo visto desde el otro lado. Quizás ya tienes amigos allí que te están esperando. Quizás, como dicen muchos, los objetos épicos son realmente más púrpura al otro lado. Los cambios de facción también incluyen un cambio de raza gratis para que puedas encajar entre tus nuevos aliados.'),
('1633','esES','|cffe5cc80Cambio de raza','|cff1eff00No es fácil ser verde... o azul... o rosa purpúreo de orejas puntiagudas. A veces un simple retoque a la imagen de tu personaje no es suficiente. A veces necesitas ir más allá y cambiar por completo. Con un cambio de raza, puedes conseguirlo.'),
('1634','esES','|cffe5cc80Cambio de apariencia','|cff1eff00Las cosas cambian, la gente cambia, las modas cambian, las primas de riesgo fluctúan… Si estás cansado de tu sempiterno casco de placas para ocultar el look de tu personaje, entonces el cambio de apariencia es lo que necesitas. Piensa en ello como una segunda oportunidad que muchos desearían que existiera en la vida real. Este cambio te permite rehacer el look e incluso el género de uno de tus personajes.'),
('1630','esMX','|cffe5cc80Subida inmediata a nivel 110','|cff1eff00Llega un momento en la vida de todo héroe en el que necesita una pequeña ayuda para superar un obstáculo y volver a la acción. Con la subida al nivel 110, podrás poner al día a tu héroe para incorporarte inmediatamente a la vanguardia.'),('111','esES','|cffe5cc80Cambio de nombre','El nombre que escogiste inicialmente para tu héroe no tiene por qué ser para toda la eternidad. Quizás te has convertido en un personaje demasiado conocido (o impopular), o simplemente se te ha ocurrido algo mejor. De cualquier manera, ahora puedes cambiar de nombre y comenzar una nueva vida.'),
('1631','esMX','|cffe5cc80Cambio de nombre','|cff1eff00El nombre que escogiste inicialmente para tu héroe no tiene por qué ser para toda la eternidad. Quizás te has convertido en un personaje demasiado conocido (o impopular), o simplemente se te ha ocurrido algo mejor. De cualquier manera, ahora puedes cambiar de nombre y comenzar una nueva vida.'),
('1632','esMX','|cffe5cc80Cambio de facción','|cff1eff00Si no puedes con tu enemigo... Sin duda, tus aliados no estarán encantados de verte marchar, pero hay momentos en los que hay que arriesgarse y descubrir cómo es el mundo visto desde el otro lado. Quizás ya tienes amigos allí que te están esperando. Quizás, como dicen muchos, los objetos épicos son realmente más púrpura al otro lado. Los cambios de facción también incluyen un cambio de raza gratis para que puedas encajar entre tus nuevos aliados.'),
('1633','esMX','|cffe5cc80Cambio de raza','|cff1eff00No es fácil ser verde... o azul... o rosa purpúreo de orejas puntiagudas. A veces un simple retoque a la imagen de tu personaje no es suficiente. A veces necesitas ir más allá y cambiar por completo. Con un cambio de raza, puedes conseguirlo.'),
('1634','esMX','|cffe5cc80Cambio de apariencia','|cff1eff00Las cosas cambian, la gente cambia, las modas cambian, las primas de riesgo fluctúan… Si estás cansado de tu sempiterno casco de placas para ocultar el look de tu personaje, entonces el cambio de apariencia es lo que necesitas. Piensa en ello como una segunda oportunidad que muchos desearían que existiera en la vida real. Este cambio te permite rehacer el look e incluso el género de uno de tus personajes.'),
('1637', 'esES', '|cffe5cc80Reputaciones Clasicas', '|cff1eff00Sube todas las reputaciones Clasicas a Exaltado.'),
('1638', 'esES', '|cffe5cc80Reputaciones Burning Crusade', '|cff1eff00Sube todas las reputaciones Clasicas a Exaltado.'),
('1639', 'esES', '|cffe5cc80Reputaciones Lichking', '|cff1eff00Sube todas las reputaciones Clasicas a Exaltado.'),
('1640', 'esES', '|cffe5cc80Reputaciones Cataclismo', '|cff1eff00Sube todas las reputaciones Clasicas a Exaltado.'),
('1641', 'esES', '|cffe5cc80Reputaciones Pandaria', '|cff1eff00Sube todas las reputaciones Clasicas a Exaltado.'),
('1642', 'esES', '|cffe5cc80Reputaciones Draenor', '|cff1eff00Sube todas las reputaciones Clasicas a Exaltado.'),
('1643', 'esES', '|cffe5cc80Reputaciones Legion', '|cff1eff00Sube todas las reputaciones Clasicas a Exaltado.'),
('1637', 'esMX', '|cffe5cc80Reputaciones Clasicas', '|cff1eff00Sube todas las reputaciones Clasicas a Exaltado.'),
('1638', 'esMX', '|cffe5cc80Reputaciones Burning Crusade', '|cff1eff00Sube todas las reputaciones Clasicas a Exaltado.'),
('1639', 'esMX', '|cffe5cc80Reputaciones Lichking', '|cff1eff00Sube todas las reputaciones Clasicas a Exaltado.'),
('1640', 'esMX', '|cffe5cc80Reputaciones Cataclismo', '|cff1eff00Sube todas las reputaciones Clasicas a Exaltado.'),
('1641', 'esMX', '|cffe5cc80Reputaciones Pandaria', '|cff1eff00Sube todas las reputaciones Clasicas a Exaltado.'),
('1642', 'esMX', '|cffe5cc80Reputaciones Draenor', '|cff1eff00Sube todas las reputaciones Clasicas a Exaltado.'),
('1643', 'esMX', '|cffe5cc80Reputaciones Legion', '|cff1eff00Sube todas las reputaciones Clasicas a Exaltado.'),
('1644', 'esES', '|cffe5cc80Reiniciar Estancias', '|cff1eff00Reinicia todas las Bandas y Mazmorras a tu personaje.'),
('1644', 'esMX', '|cffe5cc80Reiniciar Estancias', '|cff1eff00Reinicia todas las Bandas y Mazmorras a tu personaje.'),
('1646', 'esES', '|cffe5cc80Desbloquear Apariencias', '|cff1eff00Desbloqueas Apariencias del arma de artefacto con todos tus personajes en la cuenta.'),
('1646', 'esMX', '|cffe5cc80Desbloquear Apariencias', '|cff1eff00Desbloqueas Apariencias del arma de artefacto con todos tus personajes en la cuenta.'),
('1647', 'esES', '|cffe5cc80Desbloquear Aliado Elfo del Vacío', '|cff1eff00Alleria Brisaveloz ha descubierto que se exilió a un de elfos de sangre por estudiar magia del Vació. Si alguien encotrara a estos renegados, Alleria está convencida de que podría entrenarlos para convertirlos en arma de la Alianza.'),
('1648', 'esES', '|cffe5cc80Desbloquear Aliado Draenei forjado por la Luz', '|cff1eff00El Ejército de la Luz desempeñó un papel fundamental en la victoria contra la Legion Ardiente en Argus. El alto exarca Turalyon ha sugerido que estos soldados forjados por la Luz defenderían con orgullo a la Alianza de sus enemigos.'),
('1649', 'esES', '|cffe5cc80Desbloquear Aliado Elfos Nocheterna', '|cff1eff00Tras miles de años de aislamiento, los Nocheterna de Suramar anhelan volver a formar parte de este mundo. Lady Líadrin cree que la Horda se Beneficiaría de una alianza con estos elfos tan antiguos.'),
('1650', 'esES', '|cffe5cc80Desbloquear Aliado Tauren Monte Alto', '|cff1eff00Las tribus tauren de Monte Alto se unieron para expulsar a la Legion Ardiente de sus tierras. Baine Pezuña de Sangre cree que su fuerza y su nobleza serían una gran oportación para la Horda.'),
('1647', 'esMX', '|cffe5cc80Desbloquear Aliado Elfo del Vacío', '|cff1eff00Alleria Brisaveloz ha descubierto que se exilió a un de elfos de sangre por estudiar magia del Vació. Si alguien encotrara a estos renegados, Alleria está convencida de que podría entrenarlos para convertirlos en arma de la Alianza.'),
('1648', 'esMX', '|cffe5cc80Desbloquear Aliado Draenei forjado por la Luz', '|cff1eff00El Ejército de la Luz desempeñó un papel fundamental en la victoria contra la Legion Ardiente en Argus. El alto exarca Turalyon ha sugerido que estos soldados forjados por la Luz defenderían con orgullo a la Alianza de sus enemigos.'),
('1649', 'esMX', '|cffe5cc80Desbloquear Aliado Elfos Nocheterna', '|cff1eff00Tras miles de años de aislamiento, los Nocheterna de Suramar anhelan volver a formar parte de este mundo. Lady Líadrin cree que la Horda se Beneficiaría de una alianza con estos elfos tan antiguos.'),
('1650', 'esMX', '|cffe5cc80Desbloquear Aliado Tauren Monte Alto', '|cff1eff00Las tribus tauren de Monte Alto se unieron para expulsar a la Legion Ardiente de sus tierras. Baine Pezuña de Sangre cree que su fuerza y su nobleza serían una gran oportación para la Horda.');

-- Armaduras Legion
REPLACE INTO `battlepay_product` (`ProductID`, `NormalPriceFixedPoint`, `CurrentPriceFixedPoint`, `Type`, `ChoiceType`, `Flags`, `DisplayInfoID`, `ScriptName`, `WebsiteType`) VALUES 
(1800,3,2,0,2,151937,1800,'',3),
(1801,3,2,0,2,151938,1801,'',3),
(1802,3,2,0,2,151940,1802,'',3),
(1803,3,2,0,2,151941,1803,'',3),
(1804,3,2,0,2,151942,1804,'',3),
(1805,3,2,0,2,151943,1805,'',3),
(1806,3,2,0,2,151944,1806,'',3),
(1807,3,2,0,2,151945,1807,'',3),
(1808,3,2,0,2,151946,1808,'',3),
(1809,3,2,0,2,151948,1809,'',3),
(1810,3,2,0,2,151949,1810,'',3),
(1811,3,2,0,2,151950,1811,'',3),
(1812,3,2,0,2,151951,1812,'',3),
(1813,3,2,0,2,151952,1813,'',3),
(1814,3,2,0,2,151953,1814,'',3),
(1815,3,2,0,2,151954,1815,'',3),
(1816,3,2,0,2,151974,1816,'',3),
(1817,3,2,0,2,151980,1817,'',3),
(1818,3,2,0,2,151981,1818,'',3),
(1819,3,2,0,2,151984,1819,'',3),
(1820,3,2,0,2,151985,1820,'',3),
(1821,3,2,0,2,151986,1821,'',3),
(1822,3,2,0,2,151987,1822,'',3),
(1823,3,2,0,2,151988,1823,'',3),
(1824,3,2,0,2,151989,1824,'',3),
(1825,3,2,0,2,151990,1825,'',3),
(1826,3,2,0,2,151991,1826,'',3),
(1827,3,2,0,2,151992,1827,'',3),
(1828,3,2,0,2,151993,1828,'',3),
(1829,3,2,0,2,151994,1829,'',3),
(1830,3,2,0,2,151995,1830,'',3),
(1831,3,2,0,2,151996,1831,'',3),
(1832,3,2,0,2,151997,1832,'',3),
(1833,3,2,0,2,151998,1833,'',3),
(1834,3,2,0,2,151999,1834,'',3),
(1835,3,2,0,2,152000,1835,'',3),
(1836,3,2,0,2,152001,1836,'',3),
(1837,3,2,0,2,152002,1837,'',3),
(1838,3,2,0,2,152003,1838,'',3),
(1839,3,2,0,2,152004,1839,'',3),
(1840,3,2,0,2,152005,1840,'',3),
(1841,3,2,0,2,152006,1841,'',3),
(1842,3,2,0,2,152007,1842,'',3),
(1843,3,2,0,2,152008,1843,'',3),
(1844,3,2,0,2,152009,1844,'',3),
(1845,3,2,0,2,152010,1845,'',3),
(1846,3,2,0,2,152011,1846,'',3),
(1847,3,2,0,2,152012,1847,'',3),
(1848,3,2,0,2,152013,1848,'',3),
(1849,3,2,0,2,152015,1849,'',3),
(1850,3,2,0,2,152016,1850,'',3),
(1851,3,2,0,2,152017,1851,'',3),
(1852,3,2,0,2,152018,1852,'',3),
(1853,3,2,0,2,152019,1853,'',3),
(1854,3,2,0,2,152020,1854,'',3),
(1855,3,2,0,2,152021,1855,'',3),
(1856,3,2,0,2,152022,1856,'',3),
(1857,3,2,0,2,152062,1857,'',3),
(1858,3,2,0,2,152084,1858,'',3),
(1859,3,2,0,2,152085,1859,'',3),
(1860,3,2,0,2,152086,1860,'',3),
(1861,3,2,0,2,152087,1861,'',3),
(1862,3,2,0,2,152088,1862,'',3),
(1863,3,2,0,2,152090,1863,'',3),
(1864,3,2,0,2,152112,1864,'',3),
(1865,3,2,0,2,152113,1865,'',3),
(1866,3,2,0,2,152114,1866,'',3),
(1867,3,2,0,2,152115,1867,'',3),
(1868,3,2,0,2,152116,1868,'',3),
(1869,3,2,0,2,152117,1869,'',3),
(1870,3,2,0,2,152118,1870,'',3),
(1871,3,2,0,2,152119,1871,'',3),
(1872,3,2,0,2,152120,1872,'',3),
(1873,3,2,0,2,152121,1873,'',3),
(1874,3,2,0,2,152122,1874,'',3),
(1875,3,2,0,2,152123,1875,'',3),
(1876,3,2,0,2,152124,1876,'',3),
(1877,3,2,0,2,152125,1877,'',3),
(1878,3,2,0,2,152126,1878,'',3),
(1879,3,2,0,2,152127,1879,'',3),
(1880,3,2,0,2,152128,1880,'',3),
(1881,3,2,0,2,152129,1881,'',3),
(1882,3,2,0,2,152130,1882,'',3),
(1883,3,2,0,2,152131,1883,'',3),
(1884,3,2,0,2,152132,1884,'',3),
(1885,3,2,0,2,152133,1885,'',3),
(1886,3,2,0,2,152134,1886,'',3),
(1887,3,2,0,2,152135,1887,'',3),
(1888,3,2,0,2,152136,1888,'',3),
(1889,3,2,0,2,152137,1889,'',3),
(1890,3,2,0,2,152138,1890,'',3),
(1891,3,2,0,2,152139,1891,'',3),
(1892,3,2,0,2,152140,1892,'',3),
(1893,3,2,0,2,152141,1893,'',3),
(1894,3,2,0,2,152142,1894,'',3),
(1895,3,2,0,2,152143,1895,'',3),
(1896,3,2,0,2,152144,1896,'',3),
(1897,3,2,0,2,152145,1897,'',3),
(1898,3,2,0,2,152146,1898,'',3),
(1899,3,2,0,2,152147,1899,'',3),
(1900,3,2,0,2,152148,1900,'',3),
(1901,3,2,0,2,152149,1901,'',3),
(1902,3,2,0,2,152150,1902,'',3),
(1903,3,2,0,2,152151,1903,'',3),
(1904,3,2,0,2,152152,1904,'',3),
(1905,3,2,0,2,152153,1905,'',3),
(1906,3,2,0,2,152154,1906,'',3),
(1907,3,2,0,2,152155,1907,'',3),
(1908,3,2,0,2,152156,1908,'',3),
(1909,3,2,0,2,152157,1909,'',3),
(1910,3,2,0,2,152158,1910,'',3),
(1911,3,2,0,2,152159,1911,'',3),
(1912,3,2,0,2,152160,1912,'',3),
(1913,3,2,0,2,152161,1913,'',3),
(1914,3,2,0,2,152162,1914,'',3),
(1915,3,2,0,2,152163,1915,'',3),
(1916,3,2,0,2,152164,1916,'',3),
(1917,3,2,0,2,152165,1917,'',3),
(1918,3,2,0,2,152166,1918,'',3),
(1919,3,2,0,2,152167,1919,'',3),
(1920,3,2,0,2,152168,1920,'',3),
(1921,3,2,0,2,152169,1921,'',3),
(1922,3,2,0,2,152170,1922,'',3),
(1923,3,2,0,2,152171,1923,'',3),
(1924,3,2,0,2,152172,1924,'',3),
(1925,3,2,0,2,152173,1925,'',3),
(1926,3,2,0,2,152174,1926,'',3),
(1927,3,2,0,2,152175,1927,'',3),
(1928,3,2,0,2,152176,1928,'',3),
(1929,3,2,0,2,152177,1929,'',3),
(1930,3,2,0,2,152178,1930,'',3),
(1931,3,2,0,2,152179,1931,'',3),
(1932,3,2,0,2,152180,1932,'',3),
(1933,3,2,0,2,152181,1933,'',3),
(1934,3,2,0,2,152182,1934,'',3),
(1935,3,2,0,2,152183,1935,'',3),
(1936,3,2,0,2,152280,1936,'',3),
(1937,3,2,0,2,152282,1937,'',3),
(1938,3,2,0,2,152349,1938,'',3),
(1939,3,2,0,2,152350,1939,'',3),
(1940,3,2,0,2,152351,1940,'',3),
(1941,3,2,0,2,152352,1941,'',3),
(1942,3,2,0,2,152353,1942,'',3),
(1943,3,2,0,2,152354,1943,'',3),
(1944,3,2,0,2,152355,1944,'',3),
(1945,3,2,0,2,152356,1945,'',3),
(1946,3,2,0,2,152358,1946,'',3),
(1947,3,2,0,2,152359,1947,'',3),
(1948,3,2,0,2,152360,1948,'',3),
(1949,3,2,0,2,152361,1949,'',3),
(1950,3,2,0,2,152362,1950,'',3),
(1951,3,2,0,2,152363,1951,'',3),
(1952,3,2,0,2,152364,1952,'',3),
(1953,3,2,0,2,152365,1953,'',3),
(1954,3,2,0,2,152366,1954,'',3),
(1955,3,2,0,2,152367,1955,'',3),
(1956,3,2,0,2,152368,1956,'',3),
(1957,3,2,0,2,152369,1957,'',3),
(1958,3,2,0,2,152370,1958,'',3),
(1959,3,2,0,2,152371,1959,'',3),
(1960,3,2,0,2,152372,1960,'',3),
(1961,3,2,0,2,152373,1961,'',3),
(1962,3,2,0,2,152374,1962,'',3),
(1963,3,2,0,2,152375,1963,'',3),
(1964,3,2,0,2,152376,1964,'',3),
(1965,3,2,0,2,152377,1965,'',3),
(1966,3,2,0,2,152378,1966,'',3),
(1967,3,2,0,2,152379,1967,'',3),
(1968,3,2,0,2,152380,1968,'',3),
(1969,3,2,0,2,152412,1969,'',3),
(1970,3,2,0,2,152413,1970,'',3),
(1971,3,2,0,2,152414,1971,'',3),
(1972,3,2,0,2,152416,1972,'',3),
(1973,3,2,0,2,152423,1973,'',3),
(1974,3,2,0,2,152424,1974,'',3),
(1975,3,2,0,2,152679,1975,'',3),
(1976,3,2,0,2,152680,1976,'',3),
(1977,3,2,0,2,152681,1977,'',3),
(1978,3,2,0,2,152682,1978,'',3),
(1979,3,2,0,2,152684,1979,'',3),
(1980,3,2,0,2,152686,1980,'',3),
(1981,3,2,0,2,152687,1981,'',3),
(1982,3,2,0,2,153018,1982,'',3),
(1983,3,2,0,2,153019,1983,'',3),
(1984,3,2,0,2,151939,1984,'',3),
(1985,3,2,0,2,151947,1985,'',3),
(1986,3,2,0,2,151955,1986,'',3),
(1987,3,2,0,2,151956,1987,'',3),
(1988,3,2,0,2,151957,1988,'',3),
(1989,3,2,0,2,151958,1989,'',3),
(1990,3,2,0,2,151960,1990,'',3),
(1991,3,2,0,2,151961,1991,'',3),
(1992,3,2,0,2,151962,1992,'',3),
(1993,3,2,0,2,151963,1993,'',3),
(1994,3,2,0,2,151964,1994,'',3),
(1995,3,2,0,2,151965,1995,'',3),
(1996,3,2,0,2,151966,1996,'',3),
(1997,3,2,0,2,151968,1997,'',3),
(1998,3,2,0,2,151969,1998,'',3),
(1999,3,2,0,2,151970,1999,'',3),
(2000,3,2,0,2,151971,2000,'',3),
(2001,3,2,0,2,151972,2001,'',3),
(2002,3,2,0,2,151973,2002,'',3),
(2003,3,2,0,2,151975,2003,'',3),
(2004,3,2,0,2,151976,2004,'',3),
(2005,3,2,0,2,151977,2005,'',3),
(2006,3,2,0,2,151978,2006,'',3),
(2007,3,2,0,2,151979,2007,'',3),
(2008,3,2,0,2,151982,2008,'',3),
(2009,3,2,0,2,151983,2009,'',3),
(2010,3,2,0,2,152014,2010,'',3),
(2011,3,2,0,2,152023,2011,'',3),
(2012,3,2,0,2,152063,2012,'',3),
(2013,3,2,0,2,152064,2013,'',3),
(2014,3,2,0,2,152089,2014,'',3),
(2015,3,2,0,2,152091,2015,'',3),
(2016,3,2,0,2,152093,2016,'',3),
(2017,3,2,0,2,152142,2017,'',3),
(2018,3,2,0,2,152160,2018,'',3),
(2019,3,2,0,2,152281,2019,'',3),
(2020,3,2,0,2,152283,2020,'',3),
(2021,3,2,0,2,152284,2021,'',3),
(2022,3,2,0,2,152289,2022,'',3),
(2023,3,2,0,2,152359,2023,'',3),
(2024,3,2,0,2,152372,2024,'',3),
(2025,3,2,0,2,152380,2025,'',3),
(2026,3,2,0,2,152381,2026,'',3),
(2027,3,2,0,2,152645,2027,'',3),
(2028,3,2,0,2,152683,2028,'',3),
(2029,3,2,0,2,152688,2029,'',3),
(2030,3,2,0,2,153544,2030,'',3),
(2031,3,2,0,2,154173,2031,'',3),
(2032,3,2,0,2,154174,2032,'',3),
(2033,3,2,0,2,154175,2033,'',3),
(2034,3,2,0,2,154176,2034,'',3),
(2035,3,2,0,2,154177,2035,'',3);

REPLACE INTO `battlepay_shop_entry` (`EntryID`, `GroupID`, `ProductID`, `Ordering`, `BannerType`, `DisplayInfoID`) VALUES 
(1800,7,1800,1,0,0),
(1801,7,1801,1,0,0),
(1802,7,1802,1,0,0),
(1803,7,1803,1,0,0),
(1804,7,1804,1,0,0),
(1805,7,1805,1,0,0),
(1806,7,1806,1,0,0),
(1807,7,1807,1,0,0),
(1808,7,1808,1,0,0),
(1809,7,1809,1,0,0),
(1810,7,1810,1,0,0),
(1811,7,1811,1,0,0),
(1812,7,1812,1,0,0),
(1813,7,1813,1,0,0),
(1814,7,1814,1,0,0),
(1815,7,1815,1,0,0),
(1816,7,1816,1,0,0),
(1817,7,1817,1,0,0),
(1818,7,1818,1,0,0),
(1819,7,1819,1,0,0),
(1820,7,1820,1,0,0),
(1821,7,1821,1,0,0),
(1822,7,1822,1,0,0),
(1823,7,1823,1,0,0),
(1824,7,1824,1,0,0),
(1825,7,1825,1,0,0),
(1826,7,1826,1,0,0),
(1827,7,1827,1,0,0),
(1828,7,1828,1,0,0),
(1829,7,1829,1,0,0),
(1830,7,1830,1,0,0),
(1831,7,1831,1,0,0),
(1832,7,1832,1,0,0),
(1833,7,1833,1,0,0),
(1834,7,1834,1,0,0),
(1835,7,1835,1,0,0),
(1836,7,1836,1,0,0),
(1837,7,1837,1,0,0),
(1838,7,1838,1,0,0),
(1839,7,1839,1,0,0),
(1840,7,1840,1,0,0),
(1841,7,1841,1,0,0),
(1842,7,1842,1,0,0),
(1843,7,1843,1,0,0),
(1844,7,1844,1,0,0),
(1845,7,1845,1,0,0),
(1846,7,1846,1,0,0),
(1847,7,1847,1,0,0),
(1848,7,1848,1,0,0),
(1849,7,1849,1,0,0),
(1850,7,1850,1,0,0),
(1851,7,1851,1,0,0),
(1852,7,1852,1,0,0),
(1853,7,1853,1,0,0),
(1854,7,1854,1,0,0),
(1855,7,1855,1,0,0),
(1856,7,1856,1,0,0),
(1857,7,1857,1,0,0),
(1858,7,1858,1,0,0),
(1859,7,1859,1,0,0),
(1860,7,1860,1,0,0),
(1861,7,1861,1,0,0),
(1862,7,1862,1,0,0),
(1863,7,1863,1,0,0),
(1864,7,1864,1,0,0),
(1865,7,1865,1,0,0),
(1866,7,1866,1,0,0),
(1867,7,1867,1,0,0),
(1868,7,1868,1,0,0),
(1869,7,1869,1,0,0),
(1870,7,1870,1,0,0),
(1871,7,1871,1,0,0),
(1872,7,1872,1,0,0),
(1873,7,1873,1,0,0),
(1874,7,1874,1,0,0),
(1875,7,1875,1,0,0),
(1876,7,1876,1,0,0),
(1877,7,1877,1,0,0),
(1878,7,1878,1,0,0),
(1879,7,1879,1,0,0),
(1880,7,1880,1,0,0),
(1881,7,1881,1,0,0),
(1882,7,1882,1,0,0),
(1883,7,1883,1,0,0),
(1884,7,1884,1,0,0),
(1885,7,1885,1,0,0),
(1886,7,1886,1,0,0),
(1887,7,1887,1,0,0),
(1888,7,1888,1,0,0),
(1889,7,1889,1,0,0),
(1890,7,1890,1,0,0),
(1891,7,1891,1,0,0),
(1892,7,1892,1,0,0),
(1893,7,1893,1,0,0),
(1894,7,1894,1,0,0),
(1895,7,1895,1,0,0),
(1896,7,1896,1,0,0),
(1897,7,1897,1,0,0),
(1898,7,1898,1,0,0),
(1899,7,1899,1,0,0),
(1900,7,1900,1,0,0),
(1901,7,1901,1,0,0),
(1902,7,1902,1,0,0),
(1903,7,1903,1,0,0),
(1904,7,1904,1,0,0),
(1905,7,1905,1,0,0),
(1906,7,1906,1,0,0),
(1907,7,1907,1,0,0),
(1908,7,1908,1,0,0),
(1909,7,1909,1,0,0),
(1910,7,1910,1,0,0),
(1911,7,1911,1,0,0),
(1912,7,1912,1,0,0),
(1913,7,1913,1,0,0),
(1914,7,1914,1,0,0),
(1915,7,1915,1,0,0),
(1916,7,1916,1,0,0),
(1917,7,1917,1,0,0),
(1918,7,1918,1,0,0),
(1919,7,1919,1,0,0),
(1920,7,1920,1,0,0),
(1921,7,1921,1,0,0),
(1922,7,1922,1,0,0),
(1923,7,1923,1,0,0),
(1924,7,1924,1,0,0),
(1925,7,1925,1,0,0),
(1926,7,1926,1,0,0),
(1927,7,1927,1,0,0),
(1928,7,1928,1,0,0),
(1929,7,1929,1,0,0),
(1930,7,1930,1,0,0),
(1931,7,1931,1,0,0),
(1932,7,1932,1,0,0),
(1933,7,1933,1,0,0),
(1934,7,1934,1,0,0),
(1935,7,1935,1,0,0),
(1936,7,1936,1,0,0),
(1937,7,1937,1,0,0),
(1938,7,1938,1,0,0),
(1939,7,1939,1,0,0),
(1940,7,1940,1,0,0),
(1941,7,1941,1,0,0),
(1942,7,1942,1,0,0),
(1943,7,1943,1,0,0),
(1944,7,1944,1,0,0),
(1945,7,1945,1,0,0),
(1946,7,1946,1,0,0),
(1947,7,1947,1,0,0),
(1948,7,1948,1,0,0),
(1949,7,1949,1,0,0),
(1950,7,1950,1,0,0),
(1951,7,1951,1,0,0),
(1952,7,1952,1,0,0),
(1953,7,1953,1,0,0),
(1954,7,1954,1,0,0),
(1955,7,1955,1,0,0),
(1956,7,1956,1,0,0),
(1957,7,1957,1,0,0),
(1958,7,1958,1,0,0),
(1959,7,1959,1,0,0),
(1960,7,1960,1,0,0),
(1961,7,1961,1,0,0),
(1962,7,1962,1,0,0),
(1963,7,1963,1,0,0),
(1964,7,1964,1,0,0),
(1965,7,1965,1,0,0),
(1966,7,1966,1,0,0),
(1967,7,1967,1,0,0),
(1968,7,1968,1,0,0),
(1969,7,1969,1,0,0),
(1970,7,1970,1,0,0),
(1971,7,1971,1,0,0),
(1972,7,1972,1,0,0),
(1973,7,1973,1,0,0),
(1974,7,1974,1,0,0),
(1975,7,1975,1,0,0),
(1976,7,1976,1,0,0),
(1977,7,1977,1,0,0),
(1978,7,1978,1,0,0),
(1979,7,1979,1,0,0),
(1980,7,1980,1,0,0),
(1981,7,1981,1,0,0),
(1982,7,1982,1,0,0),
(1983,7,1983,1,0,0),
(1984,7,1984,1,0,0),
(1985,7,1985,1,0,0),
(1986,7,1986,1,0,0),
(1987,7,1987,1,0,0),
(1988,7,1988,1,0,0),
(1989,7,1989,1,0,0),
(1990,7,1990,1,0,0),
(1991,7,1991,1,0,0),
(1992,7,1992,1,0,0),
(1993,7,1993,1,0,0),
(1994,7,1994,1,0,0),
(1995,7,1995,1,0,0),
(1996,7,1996,1,0,0),
(1997,7,1997,1,0,0),
(1998,7,1998,1,0,0),
(1999,7,1999,1,0,0),
(2000,7,2000,1,0,0),
(2001,7,2001,1,0,0),
(2002,7,2002,1,0,0),
(2003,7,2003,1,0,0),
(2004,7,2004,1,0,0),
(2005,7,2005,1,0,0),
(2006,7,2006,1,0,0),
(2007,7,2007,1,0,0),
(2008,7,2008,1,0,0),
(2009,7,2009,1,0,0),
(2010,7,2010,1,0,0),
(2011,7,2011,1,0,0),
(2012,7,2012,1,0,0),
(2013,7,2013,1,0,0),
(2014,7,2014,1,0,0),
(2015,7,2015,1,0,0),
(2016,7,2016,1,0,0),
(2017,7,2017,1,0,0),
(2018,7,2018,1,0,0),
(2019,7,2019,1,0,0),
(2020,7,2020,1,0,0),
(2021,7,2021,1,0,0),
(2022,7,2022,1,0,0),
(2023,7,2023,1,0,0),
(2024,7,2024,1,0,0),
(2025,7,2025,1,0,0),
(2026,7,2026,1,0,0),
(2027,7,2027,1,0,0),
(2028,7,2028,1,0,0),
(2029,7,2029,1,0,0),
(2030,7,2030,1,0,0),
(2031,7,2031,1,0,0),
(2032,7,2032,1,0,0),
(2033,7,2033,1,0,0),
(2034,7,2034,1,0,0),
(2035,7,2035,1,0,0);

REPLACE INTO `battlepay_product_item` (`ID`, `ProductID`, `ItemID`, `Quantity`, `DisplayID`, `PetResult`, `CreatureDisplayInfoID`) VALUES
(1800,1800,151937,1,0,0,0),
(1801,1801,151938,1,0,0,0),
(1802,1802,151940,1,0,0,0),
(1803,1803,151941,1,0,0,0),
(1804,1804,151942,1,0,0,0),
(1805,1805,151943,1,0,0,0),
(1806,1806,151944,1,0,0,0),
(1807,1807,151945,1,0,0,0),
(1808,1808,151946,1,0,0,0),
(1809,1809,151948,1,0,0,0),
(1810,1810,151949,1,0,0,0),
(1811,1811,151950,1,0,0,0),
(1812,1812,151951,1,0,0,0),
(1813,1813,151952,1,0,0,0),
(1814,1814,151953,1,0,0,0),
(1815,1815,151954,1,0,0,0),
(1816,1816,151974,1,0,0,0),
(1817,1817,151980,1,0,0,0),
(1818,1818,151981,1,0,0,0),
(1819,1819,151984,1,0,0,0),
(1820,1820,151985,1,0,0,0),
(1821,1821,151986,1,0,0,0),
(1822,1822,151987,1,0,0,0),
(1823,1823,151988,1,0,0,0),
(1824,1824,151989,1,0,0,0),
(1825,1825,151990,1,0,0,0),
(1826,1826,151991,1,0,0,0),
(1827,1827,151992,1,0,0,0),
(1828,1828,151993,1,0,0,0),
(1829,1829,151994,1,0,0,0),
(1830,1830,151995,1,0,0,0),
(1831,1831,151996,1,0,0,0),
(1832,1832,151997,1,0,0,0),
(1833,1833,151998,1,0,0,0),
(1834,1834,151999,1,0,0,0),
(1835,1835,152000,1,0,0,0),
(1836,1836,152001,1,0,0,0),
(1837,1837,152002,1,0,0,0),
(1838,1838,152003,1,0,0,0),
(1839,1839,152004,1,0,0,0),
(1840,1840,152005,1,0,0,0),
(1841,1841,152006,1,0,0,0),
(1842,1842,152007,1,0,0,0),
(1843,1843,152008,1,0,0,0),
(1844,1844,152009,1,0,0,0),
(1845,1845,152010,1,0,0,0),
(1846,1846,152011,1,0,0,0),
(1847,1847,152012,1,0,0,0),
(1848,1848,152013,1,0,0,0),
(1849,1849,152015,1,0,0,0),
(1850,1850,152016,1,0,0,0),
(1851,1851,152017,1,0,0,0),
(1852,1852,152018,1,0,0,0),
(1853,1853,152019,1,0,0,0),
(1854,1854,152020,1,0,0,0),
(1855,1855,152021,1,0,0,0),
(1856,1856,152022,1,0,0,0),
(1857,1857,152062,1,0,0,0),
(1858,1858,152084,1,0,0,0),
(1859,1859,152085,1,0,0,0),
(1860,1860,152086,1,0,0,0),
(1861,1861,152087,1,0,0,0),
(1862,1862,152088,1,0,0,0),
(1863,1863,152090,1,0,0,0),
(1864,1864,152112,1,0,0,0),
(1865,1865,152113,1,0,0,0),
(1866,1866,152114,1,0,0,0),
(1867,1867,152115,1,0,0,0),
(1868,1868,152116,1,0,0,0),
(1869,1869,152117,1,0,0,0),
(1870,1870,152118,1,0,0,0),
(1871,1871,152119,1,0,0,0),
(1872,1872,152120,1,0,0,0),
(1873,1873,152121,1,0,0,0),
(1874,1874,152122,1,0,0,0),
(1875,1875,152123,1,0,0,0),
(1876,1876,152124,1,0,0,0),
(1877,1877,152125,1,0,0,0),
(1878,1878,152126,1,0,0,0),
(1879,1879,152127,1,0,0,0),
(1880,1880,152128,1,0,0,0),
(1881,1881,152129,1,0,0,0),
(1882,1882,152130,1,0,0,0),
(1883,1883,152131,1,0,0,0),
(1884,1884,152132,1,0,0,0),
(1885,1885,152133,1,0,0,0),
(1886,1886,152134,1,0,0,0),
(1887,1887,152135,1,0,0,0),
(1888,1888,152136,1,0,0,0),
(1889,1889,152137,1,0,0,0),
(1890,1890,152138,1,0,0,0),
(1891,1891,152139,1,0,0,0),
(1892,1892,152140,1,0,0,0),
(1893,1893,152141,1,0,0,0),
(1894,1894,152142,1,0,0,0),
(1895,1895,152143,1,0,0,0),
(1896,1896,152144,1,0,0,0),
(1897,1897,152145,1,0,0,0),
(1898,1898,152146,1,0,0,0),
(1899,1899,152147,1,0,0,0),
(1900,1900,152148,1,0,0,0),
(1901,1901,152149,1,0,0,0),
(1902,1902,152150,1,0,0,0),
(1903,1903,152151,1,0,0,0),
(1904,1904,152152,1,0,0,0),
(1905,1905,152153,1,0,0,0),
(1906,1906,152154,1,0,0,0),
(1907,1907,152155,1,0,0,0),
(1908,1908,152156,1,0,0,0),
(1909,1909,152157,1,0,0,0),
(1910,1910,152158,1,0,0,0),
(1911,1911,152159,1,0,0,0),
(1912,1912,152160,1,0,0,0),
(1913,1913,152161,1,0,0,0),
(1914,1914,152162,1,0,0,0),
(1915,1915,152163,1,0,0,0),
(1916,1916,152164,1,0,0,0),
(1917,1917,152165,1,0,0,0),
(1918,1918,152166,1,0,0,0),
(1919,1919,152167,1,0,0,0),
(1920,1920,152168,1,0,0,0),
(1921,1921,152169,1,0,0,0),
(1922,1922,152170,1,0,0,0),
(1923,1923,152171,1,0,0,0),
(1924,1924,152172,1,0,0,0),
(1925,1925,152173,1,0,0,0),
(1926,1926,152174,1,0,0,0),
(1927,1927,152175,1,0,0,0),
(1928,1928,152176,1,0,0,0),
(1929,1929,152177,1,0,0,0),
(1930,1930,152178,1,0,0,0),
(1931,1931,152179,1,0,0,0),
(1932,1932,152180,1,0,0,0),
(1933,1933,152181,1,0,0,0),
(1934,1934,152182,1,0,0,0),
(1935,1935,152183,1,0,0,0),
(1936,1936,152280,1,0,0,0),
(1937,1937,152282,1,0,0,0),
(1938,1938,152349,1,0,0,0),
(1939,1939,152350,1,0,0,0),
(1940,1940,152351,1,0,0,0),
(1941,1941,152352,1,0,0,0),
(1942,1942,152353,1,0,0,0),
(1943,1943,152354,1,0,0,0),
(1944,1944,152355,1,0,0,0),
(1945,1945,152356,1,0,0,0),
(1946,1946,152358,1,0,0,0),
(1947,1947,152359,1,0,0,0),
(1948,1948,152360,1,0,0,0),
(1949,1949,152361,1,0,0,0),
(1950,1950,152362,1,0,0,0),
(1951,1951,152363,1,0,0,0),
(1952,1952,152364,1,0,0,0),
(1953,1953,152365,1,0,0,0),
(1954,1954,152366,1,0,0,0),
(1955,1955,152367,1,0,0,0),
(1956,1956,152368,1,0,0,0),
(1957,1957,152369,1,0,0,0),
(1958,1958,152370,1,0,0,0),
(1959,1959,152371,1,0,0,0),
(1960,1960,152372,1,0,0,0),
(1961,1961,152373,1,0,0,0),
(1962,1962,152374,1,0,0,0),
(1963,1963,152375,1,0,0,0),
(1964,1964,152376,1,0,0,0),
(1965,1965,152377,1,0,0,0),
(1966,1966,152378,1,0,0,0),
(1967,1967,152379,1,0,0,0),
(1968,1968,152380,1,0,0,0),
(1969,1969,152412,1,0,0,0),
(1970,1970,152413,1,0,0,0),
(1971,1971,152414,1,0,0,0),
(1972,1972,152416,1,0,0,0),
(1973,1973,152423,1,0,0,0),
(1974,1974,152424,1,0,0,0),
(1975,1975,152679,1,0,0,0),
(1976,1976,152680,1,0,0,0),
(1977,1977,152681,1,0,0,0),
(1978,1978,152682,1,0,0,0),
(1979,1979,152684,1,0,0,0),
(1980,1980,152686,1,0,0,0),
(1981,1981,152687,1,0,0,0),
(1982,1982,153018,1,0,0,0),
(1983,1983,153019,1,0,0,0),
(1984,1984,151939,1,0,0,0),
(1985,1985,151947,1,0,0,0),
(1986,1986,151955,1,0,0,0),
(1987,1987,151956,1,0,0,0),
(1988,1988,151957,1,0,0,0),
(1989,1989,151958,1,0,0,0),
(1990,1990,151960,1,0,0,0),
(1991,1991,151961,1,0,0,0),
(1992,1992,151962,1,0,0,0),
(1993,1993,151963,1,0,0,0),
(1994,1994,151964,1,0,0,0),
(1995,1995,151965,1,0,0,0),
(1996,1996,151966,1,0,0,0),
(1997,1997,151968,1,0,0,0),
(1998,1998,151969,1,0,0,0),
(1999,1999,151970,1,0,0,0),
(2000,2000,151971,1,0,0,0),
(2001,2001,151972,1,0,0,0),
(2002,2002,151973,1,0,0,0),
(2003,2003,151975,1,0,0,0),
(2004,2004,151976,1,0,0,0),
(2005,2005,151977,1,0,0,0),
(2006,2006,151978,1,0,0,0),
(2007,2007,151979,1,0,0,0),
(2008,2008,151982,1,0,0,0),
(2009,2009,151983,1,0,0,0),
(2010,2010,152014,1,0,0,0),
(2011,2011,152023,1,0,0,0),
(2012,2012,152063,1,0,0,0),
(2013,2013,152064,1,0,0,0),
(2014,2014,152089,1,0,0,0),
(2015,2015,152091,1,0,0,0),
(2016,2016,152093,1,0,0,0),
(2017,2017,152142,1,0,0,0),
(2018,2018,152160,1,0,0,0),
(2019,2019,152281,1,0,0,0),
(2020,2020,152283,1,0,0,0),
(2021,2021,152284,1,0,0,0),
(2022,2022,152289,1,0,0,0),
(2023,2023,152359,1,0,0,0),
(2024,2024,152372,1,0,0,0),
(2025,2025,152380,1,0,0,0),
(2026,2026,152381,1,0,0,0),
(2027,2027,152645,1,0,0,0),
(2028,2028,152683,1,0,0,0),
(2029,2029,152688,1,0,0,0),
(2030,2030,153544,1,0,0,0),
(2031,2031,154173,1,0,0,0),
(2032,2032,154174,1,0,0,0),
(2033,2033,154175,1,0,0,0),
(2034,2034,154176,1,0,0,0),
(2035,2035,154177,1,0,0,0);

replace into `battlepay_display_info_locales` (`ID`, `Locale`, `Name1`) values
('1800','esMX','|cffa335eeCapa de la vanguardia ardiente'),
('1801','esMX','|cffa335eeMantón de la caza frenética'),
('1802','esMX','|cffa335eeSandalias del coloso renacido'),
('1803','esMX','|cffa335eeGuantes de la tejesombras aranasi'),
('1804','esMX','|cffa335eeCordón de brote de histeria'),
('1805','esMX','|cffa335eeCorona de aniquilación incesante'),
('1806','esMX','|cffa335eeCapucha del cazador de almas'),
('1807','esMX','|cffa335eeZapatillas de seda de Lady Dacidion'),
('1808','esMX','|cffa335eeAtaduras del crepúsculo fervientes'),
('1809','esMX','|cffa335eeGuardapolvo manchado con magma'),
('1810','esMX','|cffa335eeManto de succión de alma'),
('1811','esMX','|cffa335eeAmito del vengador caído'),
('1812','esMX','|cffa335eeCincha del agostamundos mejorada'),
('1813','esMX','|cffa335eeCordón de pétalos en ciernes'),
('1814','esMX','|cffa335eePuños del piromántico man\'ari'),
('1815','esMX','|cffa335eeAtaduras empapadas de sangre'),
('1816','esMX','|cffa335eeOjo'),
('1817','esMX','|cffa335eeArnés de oscuridad opresiva'),
('1818','esMX','|cffa335eeEscarpines portavida'),
('1819','esMX','|cffa335eeMandiletes espeluznantes de lo obsceno'),
('1820','esMX','|cffa335eeTricornio de General Erodus'),
('1821','esMX','|cffa335eeCeñidor abrazamuerte'),
('1822','esMX','|cffa335eeMusleras antinfiltración'),
('1823','esMX','|cffa335eeHombreras del embate demoníaco'),
('1824','esMX','|cffa335eeBufas del rastreador incansable'),
('1825','esMX','|cffa335eeCeñidor de la Vigilante de portales'),
('1826','esMX','|cffa335eeCinturón de cordura perdida'),
('1827','esMX','|cffa335eeCubremuñecas del logístico maligno'),
('1828','esMX','|cffa335eeLeotardos de los acechadores de sable'),
('1829','esMX','|cffa335eeCamisote del comandante de la flota'),
('1830','esMX','|cffa335eeTogas del señor del terror renegado'),
('1831','esMX','|cffa335eeEscarpes del cazador de almas diestro'),
('1832','esMX','|cffa335eeCorresombras nathrezim'),
('1833','esMX','|cffa335eeGuanteletes de erradicación negligente'),
('1834','esMX','|cffa335eeAgarres malignos cazapresas'),
('1835','esMX','|cffa335eeAlmófar de anillas sombraimbuida'),
('1836','esMX','|cffa335eeProtector de cabeza del conductor del nexo'),
('1837','esMX','|cffa335eeLeotardos arrasabatallones'),
('1838','esMX','|cffa335eeMusleras de la penumbra entumecedora'),
('1839','esMX','|cffa335eeEspaldares del quemalmas'),
('1840','esMX','|cffa335eeEspaldares de carga colosal'),
('1841','esMX','|cffa335eeGuardarrenes de táctico depravado'),
('1842','esMX','|cffa335eeFajín de la rosa áurea'),
('1843','esMX','|cffa335eeGuardamuñecas desgarramateria'),
('1844','esMX','|cffa335eeBotas de guerra de caminante del destino'),
('1845','esMX','|cffa335eeEscarpes del aquelarre ardiente'),
('1846','esMX','|cffa335eeEscarpes del consejo de guerra eredar'),
('1847','esMX','|cffa335eeManoplas de mordedura de magma'),
('1848','esMX','|cffa335eeCasco del santuario oculto'),
('1849','esMX','|cffa335eeGrebas de lealtad mercúrica'),
('1850','esMX','|cffa335eeQuijotes de némesis cósmica'),
('1851','esMX','|cffa335eePeto templesencia'),
('1852','esMX','|cffa335eeCoraza de renacimiento fundido'),
('1853','esMX','|cffa335eeEspaldares de la batalla eterna'),
('1854','esMX','|cffa335eeFaja de batalla nathrezim'),
('1855','esMX','|cffa335eeFaja tocada por las llamas'),
('1856','esMX','|cffa335eeFaja del padre Grond'),
('1857','esMX','|cffa335eeGran capa del Panteón oscuro'),
('1858','esMX','|cffa335eeGuantes de estrategias aberrantes'),
('1859','esMX','|cffa335eePuños de los tejedores de fuego veridianos'),
('1860','esMX','|cffa335eeMandiletes de sombras hambrientas'),
('1861','esMX','|cffa335eeAtaduras de kerapterón sinuoso'),
('1862','esMX','|cffa335eeCoraza de escamas de maligno horroroso'),
('1863','esMX','|cffa335eeCoraza garothi impenetrable'),
('1864','esMX','|cffa335eeJaula de huesos de Medrana'),
('1865','esMX','|cffa335eeGran capa de Medrana'),
('1866','esMX','|cffa335eeGuanteletes de Medrana'),
('1867','esMX','|cffa335eeYelmo de Medrana'),
('1868','esMX','|cffa335eeQuijotes de Medrana'),
('1869','esMX','|cffa335eeEspaldares de Medrana'),
('1870','esMX','|cffa335eeJubón segavil'),
('1871','esMX','|cffa335eeMantón segavil'),
('1872','esMX','|cffa335eeGuantes segaviles'),
('1873','esMX','|cffa335eeCaperuza segavil'),
('1874','esMX','|cffa335eeLeotardos segaviles'),
('1875','esMX','|cffa335eeBufas segaviles'),
('1876','esMX','|cffa335eeArnés de Manto de Oso'),
('1877','esMX','|cffa335eeCapa de Manto de Oso'),
('1878','esMX','|cffa335eeZarpas de Manto de Oso'),
('1879','esMX','|cffa335eeOrnato de Manto de Oso'),
('1880','esMX','|cffa335eeMusleras de Manto de Oso'),
('1881','esMX','|cffa335eeSobrehombros de Manto de Oso'),
('1882','esMX','|cffa335eeTúnica acechaserpientes'),
('1883','esMX','|cffa335eeMantón acechaserpientes'),
('1884','esMX','|cffa335eeMandiletes acechaserpientes'),
('1885','esMX','|cffa335eeCasco acechaserpientes'),
('1886','esMX','|cffa335eeMusleras acechaserpientes'),
('1887','esMX','|cffa335eeManto acechaserpientes'),
('1888','esMX','|cffa335eeEsclavina con vínculo rúnico'),
('1889','esMX','|cffa335eeGuantes con vínculo rúnico'),
('1890','esMX','|cffa335eeCollar con vínculo rúnico'),
('1891','esMX','|cffa335eeLeotardos con vínculo rúnico'),
('1892','esMX','|cffa335eeTúnica con vínculo rúnico'),
('1893','esMX','|cffa335eeManto con vínculo rúnico'),
('1894','esMX','|cffa335eeTúnica de Chi-Ji'),
('1895','esMX','|cffa335eeCapa de Chi-Ji'),
('1896','esMX','|cffa335eeMandiletes de Chi-Ji'),
('1897','esMX','|cffa335eeDouli de Chi-Ji'),
('1898','esMX','|cffa335eeLeotardos de Chi-Ji'),
('1899','esMX','|cffa335eeEsferas de meditación de Chi-Ji'),
('1900','esMX','|cffa335eeCoraza de vanguardia de la luz'),
('1901','esMX','|cffa335eeGran capa de vanguardia de la luz'),
('1902','esMX','|cffa335eeGuanteletes de vanguardia de la luz'),
('1903','esMX','|cffa335eeYelmo de vanguardia de la luz'),
('1904','esMX','|cffa335eeQuijotes de vanguardia de la luz'),
('1905','esMX','|cffa335eeHombreras de vanguardia de la luz'),
('1906','esMX','|cffa335eeMantón del serafín dorado'),
('1907','esMX','|cffa335eeManijas del serafín dorado'),
('1908','esMX','|cffa335eeCorona del serafín dorado'),
('1909','esMX','|cffa335eeLeotardos del serafín dorado'),
('1910','esMX','|cffa335eeTogas del serafín dorado'),
('1911','esMX','|cffa335eeAmito del serafín dorado'),
('1912','esMX','|cffa335eeJubón del ladronzuelo presto'),
('1913','esMX','|cffa335eeCapa del ladronzuelo presto'),
('1914','esMX','|cffa335eeGuantes del ladronzuelo presto'),
('1915','esMX','|cffa335eeGorro hidalgo del ladronzuelo presto'),
('1916','esMX','|cffa335eePantalones del ladronzuelo presto'),
('1917','esMX','|cffa335eeHombreras del ladronzuelo presto'),
('1918','esMX','|cffa335eeTogas de espíritus venerados'),
('1919','esMX','|cffa335eeMantón de espíritus venerados'),
('1920','esMX','|cffa335eeGuantes de espíritus venerados'),
('1921','esMX','|cffa335eeOrnato de espíritus venerados'),
('1922','esMX','|cffa335eeLeotardos de espíritus venerados'),
('1923','esMX','|cffa335eeEspaldares de espíritus venerados'),
('1924','esMX','|cffa335eeCapa del inquisidor siniestro'),
('1925','esMX','|cffa335eeGuantes del inquisidor siniestro'),
('1926','esMX','|cffa335eeMáscara de la muerte del inquisidor siniestro'),
('1927','esMX','|cffa335eeLeotardos del inquisidor siniestro'),
('1928','esMX','|cffa335eeTogas del inquisidor siniestro'),
('1929','esMX','|cffa335eeGuardahombros del inquisidor siniestro'),
('1930','esMX','|cffa335eeCoraza de gigante'),
('1931','esMX','|cffa335eeCapa de gigante'),
('1932','esMX','|cffa335eeGuanteletes de gigante'),
('1933','esMX','|cffa335eeYelmo de gigante'),
('1934','esMX','|cffa335eeQuijotes de gigante'),
('1935','esMX','|cffa335eeEspaldares de gigante'),
('1936','esMX','|cffa335eeRompeguardas hirvientes'),
('1937','esMX','|cffa335eeMusleras de rencor titánico cáusticas'),
('1938','esMX','|cffa335eeZapatillas zancaluz de Nefarious'),
('1939','esMX','|cffa335eeGuantes de dirección sombría'),
('1940','esMX','|cffa335eeCaperuza de alma cautivadora'),
('1941','esMX','|cffa335eeLeotardos de esclavo subyugado'),
('1942','esMX','|cffa335eeTogas de propósito demoníaco'),
('1943','esMX','|cffa335eeManto del profanador detestable'),
('1944','esMX','|cffa335eeFajín de preparación diabólica'),
('1945','esMX','|cffa335eeBraciles de absorción vil'),
('1946','esMX','|cffa335eeJubón del sobrestante de diablillos'),
('1947','esMX','|cffa335eeEscarpines del errante vil'),
('1948','esMX','|cffa335eeGuantes de proezas barbáricas'),
('1949','esMX','|cffa335eeCaperuza astada de represalia'),
('1950','esMX','|cffa335eeLeotardos de actos atroces'),
('1951','esMX','|cffa335eeHombreras de púas viles'),
('1952','esMX','|cffa335eeCincha de sagacidad detestable'),
('1953','esMX','|cffa335eeBrazales de furia diabólica'),
('1954','esMX','|cffa335eeArmadura de anillas fascinante'),
('1955','esMX','|cffa335eeEscarpes de ataque incesante'),
('1956','esMX','|cffa335eeTrituradores con vínculo vil'),
('1957','esMX','|cffa335eeYelmo del ojo vigilante'),
('1958','esMX','|cffa335eeMusleras de siervo condenado'),
('1959','esMX','|cffa335eeGuardahombros de las masas desanimadas'),
('1960','esMX','|cffa335eeGuardarrenes de hazañas diabólicas'),
('1961','esMX','|cffa335eeBrazales con púas envenenadas'),
('1962','esMX','|cffa335eeApisonadoras trituralmas'),
('1963','esMX','|cffa335eeGuanteletes de crueldad barbárica'),
('1964','esMX','|cffa335eeCorona de determinación ardiente'),
('1965','esMX','|cffa335eeQuijotes empapados en sangre'),
('1966','esMX','|cffa335eeCoraza del fin definitivo'),
('1967','esMX','|cffa335eeBufas de determinación vil'),
('1968','esMX','|cffa335eeGuardarrenes de magias viles'),
('1969','esMX','|cffa335eeEscarpines del maquinista depravado'),
('1970','esMX','|cffa335eeHombreras infernales llama vil'),
('1971','esMX','|cffa335eeBrazales de moralidad lasciva'),
('1972','esMX','|cffa335eeGuardahombros de propósito indomable'),
('1973','esMX','|cffa335eeYelmo del alma despertada'),
('1974','esMX','|cffa335eeAtaduras del exterminador avezado'),
('1975','esMX','|cffa335eeChaquetón de la corrupción de Sargeras'),
('1976','esMX','|cffa335eeManijas de fatalidad inevitable'),
('1977','esMX','|cffa335eeOrnato de zarzas vivas'),
('1978','esMX','|cffa335eeGrebas de los defensores hoja mácula'),
('1979','esMX','|cffa335eeGrandes botas de la tempestad abrasadora'),
('1980','esMX','|cffa335eeGarras del libramorte naciente'),
('1981','esMX','|cffa335eeSemiguanteletes de Imonar'),
('1982','esMX','|cffa335eeManto corrupto de los buscavileza'),
('1983','esMX','|cffa335eeQuijotes del demoledor descomunal'),
('1984','esMX','|cffa335eeCorredores susurrapaso'),
('1985','esMX','|cffa335eeVestimentas de la peste llameante'),
('1986','esMX','|cffa335eeInyector de catalizador acre'),
('1987','esMX','|cffa335eeConducto de retroalimentación garothi'),
('1988','esMX','|cffa335eeEmisor escudovil de Ishkar'),
('1989','esMX','|cffa335eePiedra angular de Tarratus'),
('1990','esMX','|cffa335eeGarrafa de luz abrasadora'),
('1991','esMX','|cffa335eeVolante de acero de la Legión'),
('1992','esMX','|cffa335eePrototipo de exterminador de personal'),
('1993','esMX','|cffa335eeFabricador del forjadicto'),
('1994','esMX','|cffa335eeAlazote penetrante'),
('1995','esMX','|cffa335eeColgante de vulcanúcleo'),
('1996','esMX','|cffa335eeGargantilla ribeteada de delirio'),
('1997','esMX','|cffa335eeColmillos permasombra'),
('1998','esMX','|cffa335eeFaro de señalización de Terminus'),
('1999','esMX','|cffa335eeResonador de vitalidad'),
('2000','esMX','|cffa335eeVaina de Asara'),
('2001','esMX','|cffa335eeSello mancillado del Panteón'),
('2002','esMX','|cffa335eeCollar de llamas inertes'),
('2003','esMX','|cffa335eeImpulso apocalíptico'),
('2004','esMX','|cffa335eeCódice de mundo de fallas'),
('2005','esMX','|cffa335eeÉgida glacial de Diima'),
('2006','esMX','|cffa335eeProtección de titanes abrasadora'),
('2007','esMX','|cffa335eeJubón de angustia insondable'),
('2008','esMX','|cffa335eeJubón de vida menguante'),
('2009','esMX','|cffa335eeZarpallamas sañosas'),
('2010','esMX','|cffa335eeSemblante del subyugador de titanes'),
('2011','esMX','|cffa335eeAvambrazos de garantía de vida'),
('2012','esMX','|cffa335eeSello del maestro del portal'),
('2013','esMX','|cffa335eeBanda del herrero sargerita'),
('2014','esMX','|cffa335eeGuardamuñecas de forja ominosa'),
('2015','esMX','|cffa335eeGuardamuñecas de los guardas oscuros'),
('2016','esMX','|cffa335eeLegado de Gorshalach'),
('2017','esMX','|cffa335eeTúnica de Chi-Ji'),
('2018','esMX','|cffa335eeJubón del ladronzuelo presto'),
('2019','esMX','|cffa335eeEsposas destrozadas de Varimathras'),
('2020','esMX','|cffa335eeCadena del Asolador'),
('2021','esMX','|cffa335eeAnillo del atormentador fanático'),
('2022','esMX','|cffa335eeElucubraciones del Gran Padre'),
('2023','esMX','|cffa335eeEscarpines del errante vil'),
('2024','esMX','|cffa335eeGuardarrenes de hazañas diabólicas'),
('2025','esMX','|cffa335eeGuardarrenes de magias viles'),
('2026','esMX','|cffa335eeAvambrazos del corruptor contaminado'),
('2027','esMX','|cffa335eeOjo de Shatug'),
('2028','esMX','|cffa335eeGuardarrenes devastamundos'),
('2029','esMX','|cffa335eeAro de la Protectora'),
('2030','esMX','|cffa335eeOjo de F\'harg'),
('2031','esMX','|cffa335eeConvicción de Aggramar'),
('2032','esMX','|cffa335eeVitalidad de Golganneth'),
('2033','esMX','|cffa335eeCompasión de Eonar'),
('2034','esMX','|cffa335eeValentía de Khaz\'goroth'),
('2035','esMX','|cffa335eeDestreza de Norgannon'),
('1800','esES','|cffa335eeCapa de la vanguardia ardiente'),
('1801','esES','|cffa335eeMantón de la caza frenética'),
('1802','esES','|cffa335eeSandalias del coloso renacido'),
('1803','esES','|cffa335eeGuantes de la tejesombras aranasi'),
('1804','esES','|cffa335eeCordón de brote de histeria'),
('1805','esES','|cffa335eeCorona de aniquilación incesante'),
('1806','esES','|cffa335eeCapucha del cazador de almas'),
('1807','esES','|cffa335eeZapatillas de seda de Lady Dacidion'),
('1808','esES','|cffa335eeAtaduras del crepúsculo fervientes'),
('1809','esES','|cffa335eeGuardapolvo manchado con magma'),
('1810','esES','|cffa335eeManto de succión de alma'),
('1811','esES','|cffa335eeAmito del vengador caído'),
('1812','esES','|cffa335eeCincha del agostamundos mejorada'),
('1813','esES','|cffa335eeCordón de pétalos en ciernes'),
('1814','esES','|cffa335eePuños del piromántico man\'ari'),
('1815','esES','|cffa335eeAtaduras empapadas de sangre'),
('1816','esES','|cffa335eeOjo'),
('1817','esES','|cffa335eeArnés de oscuridad opresiva'),
('1818','esES','|cffa335eeEscarpines portavida'),
('1819','esES','|cffa335eeMandiletes espeluznantes de lo obsceno'),
('1820','esES','|cffa335eeTricornio de General Erodus'),
('1821','esES','|cffa335eeCeñidor abrazamuerte'),
('1822','esES','|cffa335eeMusleras antinfiltración'),
('1823','esES','|cffa335eeHombreras del embate demoníaco'),
('1824','esES','|cffa335eeBufas del rastreador incansable'),
('1825','esES','|cffa335eeCeñidor de la Vigilante de portales'),
('1826','esES','|cffa335eeCinturón de cordura perdida'),
('1827','esES','|cffa335eeCubremuñecas del logístico maligno'),
('1828','esES','|cffa335eeLeotardos de los acechadores de sable'),
('1829','esES','|cffa335eeCamisote del comandante de la flota'),
('1830','esES','|cffa335eeTogas del señor del terror renegado'),
('1831','esES','|cffa335eeEscarpes del cazador de almas diestro'),
('1832','esES','|cffa335eeCorresombras nathrezim'),
('1833','esES','|cffa335eeGuanteletes de erradicación negligente'),
('1834','esES','|cffa335eeAgarres malignos cazapresas'),
('1835','esES','|cffa335eeAlmófar de anillas sombraimbuida'),
('1836','esES','|cffa335eeProtector de cabeza del conductor del nexo'),
('1837','esES','|cffa335eeLeotardos arrasabatallones'),
('1838','esES','|cffa335eeMusleras de la penumbra entumecedora'),
('1839','esES','|cffa335eeEspaldares del quemalmas'),
('1840','esES','|cffa335eeEspaldares de carga colosal'),
('1841','esES','|cffa335eeGuardarrenes de táctico depravado'),
('1842','esES','|cffa335eeFajín de la rosa áurea'),
('1843','esES','|cffa335eeGuardamuñecas desgarramateria'),
('1844','esES','|cffa335eeBotas de guerra de caminante del destino'),
('1845','esES','|cffa335eeEscarpes del aquelarre ardiente'),
('1846','esES','|cffa335eeEscarpes del consejo de guerra eredar'),
('1847','esES','|cffa335eeManoplas de mordedura de magma'),
('1848','esES','|cffa335eeCasco del santuario oculto'),
('1849','esES','|cffa335eeGrebas de lealtad mercúrica'),
('1850','esES','|cffa335eeQuijotes de némesis cósmica'),
('1851','esES','|cffa335eePeto templesencia'),
('1852','esES','|cffa335eeCoraza de renacimiento fundido'),
('1853','esES','|cffa335eeEspaldares de la batalla eterna'),
('1854','esES','|cffa335eeFaja de batalla nathrezim'),
('1855','esES','|cffa335eeFaja tocada por las llamas'),
('1856','esES','|cffa335eeFaja del padre Grond'),
('1857','esES','|cffa335eeGran capa del Panteón oscuro'),
('1858','esES','|cffa335eeGuantes de estrategias aberrantes'),
('1859','esES','|cffa335eePuños de los tejedores de fuego veridianos'),
('1860','esES','|cffa335eeMandiletes de sombras hambrientas'),
('1861','esES','|cffa335eeAtaduras de kerapterón sinuoso'),
('1862','esES','|cffa335eeCoraza de escamas de maligno horroroso'),
('1863','esES','|cffa335eeCoraza garothi impenetrable'),
('1864','esES','|cffa335eeJaula de huesos de Medrana'),
('1865','esES','|cffa335eeGran capa de Medrana'),
('1866','esES','|cffa335eeGuanteletes de Medrana'),
('1867','esES','|cffa335eeYelmo de Medrana'),
('1868','esES','|cffa335eeQuijotes de Medrana'),
('1869','esES','|cffa335eeEspaldares de Medrana'),
('1870','esES','|cffa335eeJubón segavil'),
('1871','esES','|cffa335eeMantón segavil'),
('1872','esES','|cffa335eeGuantes segaviles'),
('1873','esES','|cffa335eeCaperuza segavil'),
('1874','esES','|cffa335eeLeotardos segaviles'),
('1875','esES','|cffa335eeBufas segaviles'),
('1876','esES','|cffa335eeArnés de Manto de Oso'),
('1877','esES','|cffa335eeCapa de Manto de Oso'),
('1878','esES','|cffa335eeZarpas de Manto de Oso'),
('1879','esES','|cffa335eeOrnato de Manto de Oso'),
('1880','esES','|cffa335eeMusleras de Manto de Oso'),
('1881','esES','|cffa335eeSobrehombros de Manto de Oso'),
('1882','esES','|cffa335eeTúnica acechaserpientes'),
('1883','esES','|cffa335eeMantón acechaserpientes'),
('1884','esES','|cffa335eeMandiletes acechaserpientes'),
('1885','esES','|cffa335eeCasco acechaserpientes'),
('1886','esES','|cffa335eeMusleras acechaserpientes'),
('1887','esES','|cffa335eeManto acechaserpientes'),
('1888','esES','|cffa335eeEsclavina con vínculo rúnico'),
('1889','esES','|cffa335eeGuantes con vínculo rúnico'),
('1890','esES','|cffa335eeCollar con vínculo rúnico'),
('1891','esES','|cffa335eeLeotardos con vínculo rúnico'),
('1892','esES','|cffa335eeTúnica con vínculo rúnico'),
('1893','esES','|cffa335eeManto con vínculo rúnico'),
('1894','esES','|cffa335eeTúnica de Chi-Ji'),
('1895','esES','|cffa335eeCapa de Chi-Ji'),
('1896','esES','|cffa335eeMandiletes de Chi-Ji'),
('1897','esES','|cffa335eeDouli de Chi-Ji'),
('1898','esES','|cffa335eeLeotardos de Chi-Ji'),
('1899','esES','|cffa335eeEsferas de meditación de Chi-Ji'),
('1900','esES','|cffa335eeCoraza de vanguardia de la luz'),
('1901','esES','|cffa335eeGran capa de vanguardia de la luz'),
('1902','esES','|cffa335eeGuanteletes de vanguardia de la luz'),
('1903','esES','|cffa335eeYelmo de vanguardia de la luz'),
('1904','esES','|cffa335eeQuijotes de vanguardia de la luz'),
('1905','esES','|cffa335eeHombreras de vanguardia de la luz'),
('1906','esES','|cffa335eeMantón del serafín dorado'),
('1907','esES','|cffa335eeManijas del serafín dorado'),
('1908','esES','|cffa335eeCorona del serafín dorado'),
('1909','esES','|cffa335eeLeotardos del serafín dorado'),
('1910','esES','|cffa335eeTogas del serafín dorado'),
('1911','esES','|cffa335eeAmito del serafín dorado'),
('1912','esES','|cffa335eeJubón del ladronzuelo presto'),
('1913','esES','|cffa335eeCapa del ladronzuelo presto'),
('1914','esES','|cffa335eeGuantes del ladronzuelo presto'),
('1915','esES','|cffa335eeGorro hidalgo del ladronzuelo presto'),
('1916','esES','|cffa335eePantalones del ladronzuelo presto'),
('1917','esES','|cffa335eeHombreras del ladronzuelo presto'),
('1918','esES','|cffa335eeTogas de espíritus venerados'),
('1919','esES','|cffa335eeMantón de espíritus venerados'),
('1920','esES','|cffa335eeGuantes de espíritus venerados'),
('1921','esES','|cffa335eeOrnato de espíritus venerados'),
('1922','esES','|cffa335eeLeotardos de espíritus venerados'),
('1923','esES','|cffa335eeEspaldares de espíritus venerados'),
('1924','esES','|cffa335eeCapa del inquisidor siniestro'),
('1925','esES','|cffa335eeGuantes del inquisidor siniestro'),
('1926','esES','|cffa335eeMáscara de la muerte del inquisidor siniestro'),
('1927','esES','|cffa335eeLeotardos del inquisidor siniestro'),
('1928','esES','|cffa335eeTogas del inquisidor siniestro'),
('1929','esES','|cffa335eeGuardahombros del inquisidor siniestro'),
('1930','esES','|cffa335eeCoraza de gigante'),
('1931','esES','|cffa335eeCapa de gigante'),
('1932','esES','|cffa335eeGuanteletes de gigante'),
('1933','esES','|cffa335eeYelmo de gigante'),
('1934','esES','|cffa335eeQuijotes de gigante'),
('1935','esES','|cffa335eeEspaldares de gigante'),
('1936','esES','|cffa335eeRompeguardas hirvientes'),
('1937','esES','|cffa335eeMusleras de rencor titánico cáusticas'),
('1938','esES','|cffa335eeZapatillas zancaluz de Nefarious'),
('1939','esES','|cffa335eeGuantes de dirección sombría'),
('1940','esES','|cffa335eeCaperuza de alma cautivadora'),
('1941','esES','|cffa335eeLeotardos de esclavo subyugado'),
('1942','esES','|cffa335eeTogas de propósito demoníaco'),
('1943','esES','|cffa335eeManto del profanador detestable'),
('1944','esES','|cffa335eeFajín de preparación diabólica'),
('1945','esES','|cffa335eeBraciles de absorción vil'),
('1946','esES','|cffa335eeJubón del sobrestante de diablillos'),
('1947','esES','|cffa335eeEscarpines del errante vil'),
('1948','esES','|cffa335eeGuantes de proezas barbáricas'),
('1949','esES','|cffa335eeCaperuza astada de represalia'),
('1950','esES','|cffa335eeLeotardos de actos atroces'),
('1951','esES','|cffa335eeHombreras de púas viles'),
('1952','esES','|cffa335eeCincha de sagacidad detestable'),
('1953','esES','|cffa335eeBrazales de furia diabólica'),
('1954','esES','|cffa335eeArmadura de anillas fascinante'),
('1955','esES','|cffa335eeEscarpes de ataque incesante'),
('1956','esES','|cffa335eeTrituradores con vínculo vil'),
('1957','esES','|cffa335eeYelmo del ojo vigilante'),
('1958','esES','|cffa335eeMusleras de siervo condenado'),
('1959','esES','|cffa335eeGuardahombros de las masas desanimadas'),
('1960','esES','|cffa335eeGuardarrenes de hazañas diabólicas'),
('1961','esES','|cffa335eeBrazales con púas envenenadas'),
('1962','esES','|cffa335eeApisonadoras trituralmas'),
('1963','esES','|cffa335eeGuanteletes de crueldad barbárica'),
('1964','esES','|cffa335eeCorona de determinación ardiente'),
('1965','esES','|cffa335eeQuijotes empapados en sangre'),
('1966','esES','|cffa335eeCoraza del fin definitivo'),
('1967','esES','|cffa335eeBufas de determinación vil'),
('1968','esES','|cffa335eeGuardarrenes de magias viles'),
('1969','esES','|cffa335eeEscarpines del maquinista depravado'),
('1970','esES','|cffa335eeHombreras infernales llama vil'),
('1971','esES','|cffa335eeBrazales de moralidad lasciva'),
('1972','esES','|cffa335eeGuardahombros de propósito indomable'),
('1973','esES','|cffa335eeYelmo del alma despertada'),
('1974','esES','|cffa335eeAtaduras del exterminador avezado'),
('1975','esES','|cffa335eeChaquetón de la corrupción de Sargeras'),
('1976','esES','|cffa335eeManijas de fatalidad inevitable'),
('1977','esES','|cffa335eeOrnato de zarzas vivas'),
('1978','esES','|cffa335eeGrebas de los defensores hoja mácula'),
('1979','esES','|cffa335eeGrandes botas de la tempestad abrasadora'),
('1980','esES','|cffa335eeGarras del libramorte naciente'),
('1981','esES','|cffa335eeSemiguanteletes de Imonar'),
('1982','esES','|cffa335eeManto corrupto de los buscavileza'),
('1983','esES','|cffa335eeQuijotes del demoledor descomunal'),
('1984','esES','|cffa335eeCorredores susurrapaso'),
('1985','esES','|cffa335eeVestimentas de la peste llameante'),
('1986','esES','|cffa335eeInyector de catalizador acre'),
('1987','esES','|cffa335eeConducto de retroalimentación garothi'),
('1988','esES','|cffa335eeEmisor escudovil de Ishkar'),
('1989','esES','|cffa335eePiedra angular de Tarratus'),
('1990','esES','|cffa335eeGarrafa de luz abrasadora'),
('1991','esES','|cffa335eeVolante de acero de la Legión'),
('1992','esES','|cffa335eePrototipo de exterminador de personal'),
('1993','esES','|cffa335eeFabricador del forjadicto'),
('1994','esES','|cffa335eeAlazote penetrante'),
('1995','esES','|cffa335eeColgante de vulcanúcleo'),
('1996','esES','|cffa335eeGargantilla ribeteada de delirio'),
('1997','esES','|cffa335eeColmillos permasombra'),
('1998','esES','|cffa335eeFaro de señalización de Terminus'),
('1999','esES','|cffa335eeResonador de vitalidad'),
('2000','esES','|cffa335eeVaina de Asara'),
('2001','esES','|cffa335eeSello mancillado del Panteón'),
('2002','esES','|cffa335eeCollar de llamas inertes'),
('2003','esES','|cffa335eeImpulso apocalíptico'),
('2004','esES','|cffa335eeCódice de mundo de fallas'),
('2005','esES','|cffa335eeÉgida glacial de Diima'),
('2006','esES','|cffa335eeProtección de titanes abrasadora'),
('2007','esES','|cffa335eeJubón de angustia insondable'),
('2008','esES','|cffa335eeJubón de vida menguante'),
('2009','esES','|cffa335eeZarpallamas sañosas'),
('2010','esES','|cffa335eeSemblante del subyugador de titanes'),
('2011','esES','|cffa335eeAvambrazos de garantía de vida'),
('2012','esES','|cffa335eeSello del maestro del portal'),
('2013','esES','|cffa335eeBanda del herrero sargerita'),
('2014','esES','|cffa335eeGuardamuñecas de forja ominosa'),
('2015','esES','|cffa335eeGuardamuñecas de los guardas oscuros'),
('2016','esES','|cffa335eeLegado de Gorshalach'),
('2017','esES','|cffa335eeTúnica de Chi-Ji'),
('2018','esES','|cffa335eeJubón del ladronzuelo presto'),
('2019','esES','|cffa335eeEsposas destrozadas de Varimathras'),
('2020','esES','|cffa335eeCadena del Asolador'),
('2021','esES','|cffa335eeAnillo del atormentador fanático'),
('2022','esES','|cffa335eeElucubraciones del Gran Padre'),
('2023','esES','|cffa335eeEscarpines del errante vil'),
('2024','esES','|cffa335eeGuardarrenes de hazañas diabólicas'),
('2025','esES','|cffa335eeGuardarrenes de magias viles'),
('2026','esES','|cffa335eeAvambrazos del corruptor contaminado'),
('2027','esES','|cffa335eeOjo de Shatug'),
('2028','esES','|cffa335eeGuardarrenes devastamundos'),
('2029','esES','|cffa335eeAro de la Protectora'),
('2030','esES','|cffa335eeOjo de F\'harg'),
('2031','esES','|cffa335eeConvicción de Aggramar'),
('2032','esES','|cffa335eeVitalidad de Golganneth'),
('2033','esES','|cffa335eeCompasión de Eonar'),
('2034','esES','|cffa335eeValentía de Khaz\'goroth'),
('2035','esES','|cffa335eeDestreza de Norgannon');

replace into `battlepay_display_info` (`DisplayInfoId`, `CreatureDisplayInfoID`, `Name1`) values
('1800','1629814','|cffa335eeCloak of the Burning Vanguar'),
('1801','1529599','|cffa335eeDrape of the Spirited Hunt'),
('1802','1627657','|cffa335eeSandals of the Reborn Colossus'),
('1803','1560908','|cffa335eeAranasi Shadow-Weaver\'s Gloves'),
('1804','1627237','|cffa335eeCord of Surging Hysteria'),
('1805','1627661','|cffa335eeCrown of Relentless Annihilation'),
('1806','1627242','|cffa335eeSoulhunter\'s Cowl'),
('1807','1627238','|cffa335eeLady Dacidion\'s Silk Slippers'),
('1808','1662772','|cffa335eeFervent Twilight Legwraps'),
('1809','1627240','|cffa335eeMagma-Spattered Smock'),
('1810','1627244','|cff1eff00Soul-Siphon Mantle'),
('1811','1627663','|cff1eff00Fallen Avenger\'s Amice'),
('1812','1560904','|cff1eff00Enhanced Worldscorcher Cinch'),
('1813','1627656','|cff1eff00Cord of Blossoming Petals'),
('1814','1560906','|cff1eff00Man\'ari Pyromancer Cuffs'),
('1815','1627239','|cff1eff00Blood-Drenched Bindings'),
('1816','463857','|cff1eff00Eye'),
('1817','1626330','|cff1eff00Harness of Oppressing Dark'),
('1818','1629903','|cff1eff00Life-Bearing Footpads'),
('1819','1629906','|cff1eff00Lurid Grips of the Obscene'),
('1820','1627516','|cff1eff00General Erodus\' Tricorne'),
('1821','1316442','|cff1eff00Death-Enveloping Cincture'),
('1822','1626333','|cff1eff00Breach-Blocker Legguards'),
('1823','1627518','|cff1eff00Shoulderpads of the Demonic Blitz'),
('1824','1626334','|cff1eff00Spaulders of the Relentless Tracker'),
('1825','1627510','|cff1eff00Portal Keeper\'s Cincture'),
('1826','1629902','|cff1eff00Belt of Fractured Sanity'),
('1827','1316441','|cff1eff00Fiendish Logistician\'s Wristwraps'),
('1828','1627517','|cff1eff00Leggings of the Sable Stalkers'),
('1829','1547870','|cff1eff00Fleet Commander\'s Hauberk'),
('1830','1670296','|cff1eff00Robes of the Forsaken Dreadlord'),
('1831','1547868','|cff1eff00Deft Soulhunter\'s Sabatons'),
('1832','1581146','|cff1eff00Nathrezim Shade-Walkers'),
('1833','1581149','|cff1eff00Heedless Eradication Gauntlets'),
('1834','1547871','|cff1eff00Preysnare Vicegrips'),
('1835','1547872','|cff1eff00Shadowfused Chain Coif'),
('1836','1547872','|cff1eff00Nexus Conductor\'s Headgear'),
('1837','1581151','|cff1eff00Battalion-Shattering Leggings'),
('1838','1547873','|cff1eff00Legguards of Numbing Gloom'),
('1839','1547874','|cff1eff00Pauldrons of the Soulburner'),
('1840','1581152','|cff1eff00Pauldrons of Colossal Burden'),
('1841','1581145','|cff1eff00Depraved Tactician\'s Waistguard'),
('1842','1547867','|cff1eff00Sash of the Gilded Rose'),
('1843','1581147','|cff1eff00Reality-Splitting Wristguards'),
('1844','1529597','|cff1eff00Doomwalker Warboots'),
('1845','1561257','|cff1eff00Burning Coven Sabatons'),
('1846','1605801','|cff1eff00Eredar Warcouncil Sabatons'),
('1847','1605809','|cff1eff00Molten Bite Handguards'),
('1848','1561263','|cff1eff00Helmet of the Hidden Sanctuary'),
('1849','1529605','|cff1eff00Greaves of Mercurial Allegiance'),
('1850','1605813','|cff1eff00Cosmos-Culling Legplates'),
('1851','1529602','|cff1eff00Soul-Tempered Chestplate'),
('1852','1561261','|cff1eff00Breastplate of Molten Rebirth'),
('1853','1605815','|cff1eff00Pauldrons of the Eternal Offensive'),
('1854','1605799','|cff1eff00Nathrezim Battle Girdle'),
('1855','1529596','|cff1eff00Flamelicked Girdle'),
('1856','1561259','|cff1eff00Grond-Father Girdle'),
('1857','1627522','|cff1eff00Greatcloak of the Dark Pantheon'),
('1858','1627660','|cff1eff00Gloves of Abhorrent Strategies'),
('1859','1560906','|cff1eff00Cuffs of the Viridian Flameweavers'),
('1860','1627515','|cff1eff00Grips of Hungering Shadows'),
('1861','1626328','|cff1eff00Sinuous Kerapteron Bindings'),
('1862','1547870','|cff1eff00Horror Fiend-Scale Breastplate'),
('1863','1605807','|cff1eff00Impenetrable Garothi Breastplate'),
('1864','1529602','|cff1eff00Dreadwake Bonecage'),
('1865','1529599','|cff1eff00Dreadwake Greatcloak'),
('1866','1529603','|cff1eff00Dreadwake Gauntlets'),
('1867','1529604','|cff1eff00Dreadwake Helm'),
('1868','1529605','|cff1eff00Dreadwake Legplates'),
('1869','1529606','|cff1eff00Dreadwake Pauldrons'),
('1870','1316443','|cff1eff00Felreaper Vest'),
('1871','1316438','|cff1eff00Felreaper Drape'),
('1872','1316444','|cff1eff00Felreaper Gloves'),
('1873','1316445','|cff1eff00Felreaper Hood'),
('1874','1316446','|cff1eff00Felreaper Leggings'),
('1875','1316447','|cff1eff00Felreaper Spaulders'),
('1876','1626330','|cff1eff00Bearmantle Harness'),
('1877','1626329','|cff1eff00Bearmantle Cloak'),
('1878','1626331','|cff1eff00Bearmantle Paws'),
('1879','1626332','|cff1eff00Bearmantle Headdress'),
('1880','1626333','|cff1eff00Bearmantle Legguards'),
('1881','1626334','|cff1eff00Bearmantle Shoulders'),
('1882','1547870','|cff1eff00Serpentstalker Tunic'),
('1883','1547875','|cff1eff00Serpentstalker Drape'),
('1884','1547871','|cff1eff00Serpentstalker Grips'),
('1885','1547872','|cff1eff00Serpentstalker Helmet'),
('1886','1547873','|cff1eff00Serpentstalker Legguards'),
('1887','1547874','|cff1eff00Serpentstalker Mantle'),
('1888','1629815','|cff1eff00Runebound Cape'),
('1889','1560908','|cff1eff00Runebound Gloves'),
('1890','1560909','|cff1eff00Runebound Collar'),
('1891','1560910','|cff1eff00Runebound Leggings'),
('1892','1560907','|cff1eff00Runebound Tunic'),
('1893','1560911','|cff1eff00Runebound Mantle'),
('1894','1629905','|cff1eff00Tunic of Chi\'Ji'),
('1895','1630779','|cff1eff00Cloak of Chi\'Ji'),
('1896','1629906','|cff1eff00Grips of Chi\'Ji'),
('1897','1629907','|cff1eff00Douli of Chi\'Ji'),
('1898','1629908','|cff1eff00Leggings of Chi\'Ji'),
('1899','1629909','|cff1eff00Meditation Spheres of Chi\'Ji'),
('1900','1605807','|cff1eff00Light\'s Vanguard Breastplate'),
('1901','1605805','|cff1eff00Light\'s Vanguard Greatcloak'),
('1902','1605809','|cff1eff00Light\'s Vanguard Gauntlets'),
('1903','1605811','|cff1eff00Light\'s Vanguard Helm'),
('1904','1605813','|cff1eff00Light\'s Vanguard Legplates'),
('1905','1605815','|cff1eff00Light\'s Vanguard Shoulderplates'),
('1906','1627659','|cff1eff00Gilded Seraph\'s Drape'),
('1907','1627660','|cff1eff00Gilded Seraph\'s Handwraps'),
('1908','1627661','|cff1eff00Gilded Seraph\'s Crown'),
('1909','1662772','|cff1eff00Gilded Seraph\'s Leggings'),
('1910','1627662','|cff1eff00Gilded Seraph\'s Robes'),
('1911','1627663','|cff1eff00Gilded Seraph\'s Amice'),
('1912','1627514','|cff1eff00Vest of the Dashing Scoundrel'),
('1913','1627513','|cff1eff00Cloak of the Dashing Scoundrel'),
('1914','1627515','|cff1eff00Gloves of the Dashing Scoundrel'),
('1915','1627516','|cff1eff00Cavalier Hat of the Dashing Scoundrel'),
('1916','1627517','|cff1eff00Pants of the Dashing Scoundrel'),
('1917','1627518','|cff1eff00Shoulderpads of the Dashing Scoundrel'),
('1918','1670296','|cff1eff00Robes of Venerated Spirits'),
('1919','1634391','|cff1eff00Drape of Venerated Spirits'),
('1920','1581149','|cff1eff00Gloves of Venerated Spirits'),
('1921','1581150','|cff1eff00Headdress of Venerated Spirits'),
('1922','1581151','|cff1eff00Leggings of Venerated Spirits'),
('1923','1581152','|cff1eff00Pauldrons of Venerated Spirits'),
('1924','1627180','|cff1eff00Grim Inquisitor\'s Cloak'),
('1925','1627241','|cff1eff00Grim Inquisitor\'s Gloves'),
('1926','1627242','|cff1eff00Grim Inquisitor\'s Death Mask'),
('1927','1627243','|cff1eff00Grim Inquisitor\'s Leggings'),
('1928','1627240','|cff1eff00Grim Inquisitor\'s Robes'),
('1929','1627244','|cff1eff00Grim Inquisitor\'s Shoulderguards'),
('1930','1561261','|cff1eff00Juggernaut Breastplate'),
('1931','1561260','|cff1eff00Juggernaut Cloak'),
('1932','1561262','|cff1eff00Juggernaut Gauntlets'),
('1933','1561263','|cff1eff00Juggernaut Helm'),
('1934','1561264','|cff1eff00Juggernaut Legplates'),
('1935','1561265','|cff1eff00Juggernaut Pauldrons'),
('1936','1547869','|cff1eff00Scalding Shatterguards'),
('1937','1316446','|cff1eff00Caustic Titanspite Legguards'),
('1938','1627657','|cff1eff00Nefarious Light-Step Slippers'),
('1939','1627241','|cff1eff00Gloves of Grim Direction'),
('1940','1560909','|cff1eff00Mesmerizing Soul Hood'),
('1941','1560910','|cff1eff00Subjugated Drudge\'s Leggings'),
('1942','1627662','|cff1eff00Robes of Demonic Purpose'),
('1943','1627244','|cff1eff00Accursed Defiler\'s Mantle'),
('1944','1560904','|cff1eff00Sash of Diabolic Preparation'),
('1945','1627658','|cff1eff00Fel-Absorbant Wristbands'),
('1946','1627514','|cff1eff00Imp-Overseer\'s Vest'),
('1947','1627511','|cff1eff00Vile Drifter\'s Footpads'),
('1948','1626331','|cff1eff00Gloves of Barbarous Feats'),
('1949','1316445','|cff1eff00Horned Hood of Retaliation'),
('1950','1629908','|cff1eff00Leggings of Heinous Acts'),
('1951','1316447','|cff1eff00Fel-Spike Shoulderpads'),
('1952','1626326','|cff1eff00Cinch of Detestable Guile'),
('1953','1629904','|cff1eff00Bracers of Diabolic Fury'),
('1954','1670296','|cff1eff00Enthralling Chain Armor'),
('1955','1547868','|cff1eff00Sabatons of Ceaseless Assault'),
('1956','1581149','|cff1eff00Fel-Linked Crushers'),
('1957','1581150','|cff1eff00Helm of the Vigilant Eye'),
('1958','1581151','|cff1eff00Legguards of Doomed Chattel'),
('1959','1547874','|cff1eff00Shoulderguards of the Despondent Masses'),
('1960','1547867','|cff1eff00Waistguard of Devilish Deeds'),
('1961','1547869','|cff1eff00Poison-Barbed Bracers'),
('1962','1529597','|cff1eff00Soul Crushing Stompers'),
('1963','1605809','|cff1eff00Gauntlets of Barbaric Cruelty'),
('1964','1605811','|cff1eff00Crown of Burning Resolve'),
('1965','1605813','|cff1eff00Gore-Soaked Legplates'),
('1966','1529602','|cff1eff00Breastplate of Terminal End'),
('1967','1529606','|cff1eff00Spaulders of Vile Determination'),
('1968','1561259','|cff1eff00Waistguard of Fel Magics'),
('1969','1316440','|cff1eff00Depraved Machinist\'s Footpads'),
('1970','1629909','|cff1eff00Felflame Inferno Shoulderpads'),
('1971','1627512','|cff1eff00Bracers of Wanton Morality'),
('1972','1561265','|cff1eff00Shoulderguards of Indomitable Purpose'),
('1973','1581150','|cff1eff00Helm of the Awakened Soul'),
('1974','1627243','|cff1eff00Legwraps of the Seasoned Exterminator'),
('1975','1560907','|cff1eff00Gambeson of Sargeras\' Corruption'),
('1976','1627241','|cff1eff00Handwraps of Inevitable Doom'),
('1977','1626332','|cff1eff00Headdress of Living Brambles'),
('1978','1547873','|cff1eff00Greaves of the Felblade Defenders'),
('1979','1581146','|cff1eff00Greatboots of the Searing Tempest'),
('1980','1529603','|cff1eff00Nascent Deathbringer\'s Clutches'),
('1981','1561262','|cff1eff00Imonar\'s Demi-Gauntlets'),
('1982','1560911','|cff1eff00Corrupted Mantle of the Felseekers'),
('1983','1561264','|cff1eff00Hulking Demolisher Legplates'),
('1984','1560905','|cff1eff00Whisperstep Runners'),
('1985','1627662','|cff1eff00Vestments of Enflamed Blight'),
('1986','1362636','|cff1eff00Acrid Catalyst Injector'),
('1987','133864','|cff1eff00Garothi Feedback Conduit'),
('1988','1769069','|cff1eff00Ishkar\'s Felshield Emitter'),
('1989','132780','|cff1eff00Tarratus Keystone'),
('1990','1769067','|cff1eff00Carafe of Searing Light'),
('1991','133003','|cff1eff00Legionsteel Flywheel'),
('1992','1373903','|cff1eff00Prototype Personnel Decimator'),
('1993','1769065','|cff1eff00Forgefiend\'s Fabricator'),
('1994','132105','|cff1eff00Seeping Scourgewing'),
('1995','1360044','|cff1eff00Vulcanarcore Pendant'),
('1996','1360004','|cff1eff00Riveted Choker of Delirium'),
('1997','1029737','|cff1eff00Shadow-Singed Fang'),
('1998','1362633','|cff1eff00Terminus Signaling Beacon'),
('1999','1362665','|cff1eff00Vitality Resonator'),
('2000','136189','|cff1eff00Sheath of Asara'),
('2001','1391743','|cff1eff00Sullied Seal of the Pantheon'),
('2002','1360016','|cff1eff00Collar of Null-Flame'),
('2003','133869','|cff1eff00Apocalypse Drive'),
('2004','329513','|cff1eff00Riftworld Codex'),
('2005','537514','|cff1eff00Diima\'s Glacial Aegis'),
('2006','132360','|cff1eff00Smoldering Titanguard'),
('2007','1316443','|cff1eff00Vest of Unfathomable Anguish'),
('2008','1629905','|cff1eff00Vest of Waning Life'),
('2009','1626327','|cff1eff00Vicious Flamepaws'),
('2010','1529604','|cff1eff00Titan-Subjugator\'s Visage'),
('2011','1605803','|cff1eff00Vambraces of Life\'s Assurance'),
('2012','1391741','|cff1eff00Seal of the Portalmaster'),
('2013','1391747','|cff1eff00Band of the Sargerite Smith'),
('2014','1581147','|cff1eff00Wristguards of Ominous Forging'),
('2015','1529598','|cff1eff00Wristguards of the Dark Keepers'),
('2016','511516','|cff1eff00Gorshalach\'s Legacy'),
('2017','1629905','|cff1eff00Tunic of Chi\'Ji'),
('2018','1627514','|cff1eff00Vest of the Dashing Scoundrel'),
('2019','1561258','|cff1eff00Varimathras\' Shattered Manacles'),
('2020','1360059','|cff1eff00Chain of the Unmaker'),
('2021','1391723','|cff1eff00Zealous Tormentor\'s Ring'),
('2022','136011','|cff1eff00Highfather\'s Machination'),
('2023','1627511','|cff1eff00Vile Drifter\'s Footpads'),
('2024','1547867','|cff1eff00Waistguard of Devilish Deeds'),
('2025','1561259','|cff1eff00Waistguard of Fel Magics'),
('2026','1561258','|cff1eff00Tainted Corruptor\'s Vambraces'),
('2027','463857','|cff1eff00Eye of Shatug'),
('2028','1581145','|cff1eff00World-Ravager Waistguard'),
('2029','1391762','|cff1eff00Loop of the Life-Binder'),
('2030','463855','|cff1eff00Eye of F\'harg'),
('2031','1729935','|cff1eff00Aggramar\'s Conviction'),
('2032','1729934','|cff1eff00Golganneth\'s Vitality'),
('2033','1729933','|cff1eff00Eonar\'s Compassion'),
('2034','1729936','|cff1eff00Khaz\'goroth\'s Courage'),
('2035','1729932','|cff1eff00Norgannon\'s Prowess');

-- Armadura Legendarias Legion -----------------
REPLACE INTO `battlepay_product_item` (`ID`, `ProductID`, `ItemID`, `Quantity`, `DisplayID`, `PetResult`) VALUES 
(2500,2500,137098,1,0,0),
(2501,2501,137055,1,0,0),
(2502,2502,133971,1,0,0),
(2503,2503,144438,1,0,0),
(2504,2504,133970,1,0,0),
(2505,2505,132461,1,0,0),
(2506,2506,144242,1,0,0),
(2507,2507,137109,1,0,0),
(2508,2508,137069,1,0,0),
(2509,2509,132369,1,0,0),
(2510,2510,137020,1,0,0),
(2511,2511,137077,1,0,0),
(2512,2512,137081,1,0,0),
(2513,2513,144385,1,0,0),
(2514,2514,146668,1,0,0),
(2515,2515,144258,1,0,0),
(2516,2516,151824,1,0,0),
(2517,2517,137037,1,0,0),
(2518,2518,137105,1,0,0),
(2519,2519,151807,1,0,0),
(2520,2520,137073,1,0,0),
(2521,2521,143732,1,0,0),
(2522,2522,137033,1,0,0),
(2523,2523,137059,1,0,0),
(2524,2524,137070,1,0,0),
(2525,2525,132458,1,0,0),
(2526,2526,143728,1,0,0),
(2527,2527,137089,1,0,0),
(2528,2528,137031,1,0,0),
(2529,2529,151811,1,0,0),
(2530,2530,137094,1,0,0),
(2531,2531,137054,1,0,0),
(2532,2532,133973,1,0,0),
(2533,2533,151782,1,0,0),
(2534,2534,137064,1,0,0),
(2535,2535,146669,1,0,0),
(2536,2536,151821,1,0,0),
(2537,2537,144326,1,0,0),
(2538,2538,132448,1,0,0),
(2539,2539,151823,1,0,0),
(2540,2540,151818,1,0,0),
(2541,2541,151815,1,0,0),
(2542,2542,144239,1,0,0),
(2543,2543,137062,1,0,0),
(2544,2544,137021,1,0,0),
(2545,2545,137091,1,0,0),
(2546,2546,137035,1,0,0),
(2547,2547,137078,1,0,0),
(2548,2548,151817,1,0,0),
(2549,2549,137382,1,0,0),
(2550,2550,151787,1,0,0),
(2551,2551,137042,1,0,0),
(2552,2552,137075,1,0,0),
(2553,2553,132381,1,0,0),
(2554,2554,151788,1,0,0),
(2555,2555,137103,1,0,0),
(2556,2556,138117,1,0,0),
(2557,2557,144292,1,0,0),
(2558,2558,151795,1,0,0),
(2559,2559,151639,1,0,0),
(2560,2560,150936,1,0,0),
(2561,2561,151649,1,0,0),
(2562,2562,151641,1,0,0),
(2563,2563,151644,1,0,0),
(2564,2564,151646,1,0,0),
(2565,2565,151643,1,0,0),
(2566,2566,151647,1,0,0),
(2567,2567,151640,1,0,0),
(2568,2568,151650,1,0,0),
(2569,2569,151642,1,0,0),
(2570,2570,151636,1,0,0),
(2571,2571,151819,1,0,0),
(2572,2572,137025,1,0,0),
(2573,2573,144281,1,0,0),
(2574,2574,132436,1,0,0),
(2575,2575,132379,1,0,0),
(2576,2576,141321,1,0,0),
(2577,2577,144340,1,0,0),
(2578,2578,151810,1,0,0),
(2579,2579,132410,1,0,0),
(2580,2580,137032,1,0,0),
(2581,2581,132365,1,0,0),
(2582,2582,132367,1,0,0),
(2583,2583,132452,1,0,0),
(2584,2584,137223,1,0,0),
(2585,2585,151813,1,0,0),
(2586,2586,144275,1,0,0),
(2587,2587,137016,1,0,0),
(2588,2588,132378,1,0,0),
(2589,2589,137071,1,0,0),
(2590,2590,132466,1,0,0),
(2591,2591,137080,1,0,0),
(2592,2592,132413,1,0,0),
(2593,2593,146667,1,0,0),
(2594,2594,132393,1,0,0),
(2595,2595,144364,1,0,0),
(2596,2596,132453,1,0,0),
(2597,2597,144247,1,0,0),
(2598,2598,151800,1,0,0),
(2599,2599,137061,1,0,0),
(2600,2600,137227,1,0,0),
(2601,2601,144355,1,0,0),
(2602,2602,132444,1,0,0),
(2603,2603,137023,1,0,0),
(2604,2604,137083,1,0,0),
(2605,2605,137058,1,0,0),
(2606,2606,132457,1,0,0),
(2607,2607,132357,1,0,0),
(2608,2608,151812,1,0,0),
(2609,2609,132449,1,0,0),
(2610,2610,137096,1,0,0),
(2611,2611,132459,1,0,0),
(2612,2612,151805,1,0,0),
(2613,2613,138879,1,0,0),
(2614,2614,137092,1,0,0),
(2615,2615,132375,1,0,0),
(2616,2616,137076,1,0,0),
(2617,2617,151799,1,0,0),
(2618,2618,144432,1,0,0),
(2619,2619,132455,1,0,0),
(2620,2620,137104,1,0,0),
(2621,2621,137034,1,0,0),
(2622,2622,137087,1,0,0),
(2623,2623,137276,1,0,0),
(2624,2624,132451,1,0,0),
(2625,2625,132450,1,0,0),
(2626,2626,132437,1,0,0),
(2627,2627,137090,1,0,0),
(2628,2628,144303,1,0,0),
(2629,2629,132406,1,0,0),
(2630,2630,137220,1,0,0),
(2631,2631,144273,1,0,0),
(2632,2632,144236,1,0,0),
(2633,2633,151808,1,0,0),
(2634,2634,137107,1,0,0),
(2635,2635,132864,1,0,0),
(2636,2636,138140,1,0,0),
(2637,2637,141353,1,0,0),
(2638,2638,132407,1,0,0),
(2639,2639,137056,1,0,0),
(2640,2640,137022,1,0,0),
(2641,2641,137048,1,0,0),
(2642,2642,144369,1,0,0),
(2643,2643,137068,1,0,0),
(2644,2644,133974,1,0,0),
(2645,2645,132411,1,0,0),
(2646,2646,144295,1,0,0),
(2647,2647,132454,1,0,0),
(2648,2648,132366,1,0,0),
(2649,2649,138949,1,0,0),
(2650,2650,144259,1,0,0),
(2651,2651,137053,1,0,0),
(2652,2652,132374,1,0,0),
(2653,2653,137029,1,0,0),
(2654,2654,144244,1,0,0),
(2655,2655,137108,1,0,0),
(2656,2656,137065,1,0,0),
(2657,2657,137044,1,0,0),
(2658,2658,137085,1,0,0),
(2659,2659,152626,1,0,0),
(2660,2660,137049,1,0,0),
(2661,2661,151786,1,0,0),
(2662,2662,137039,1,0,0),
(2663,2663,137046,1,0,0),
(2664,2664,144260,1,0,0),
(2665,2665,132394,1,0,0),
(2666,2666,137057,1,0,0),
(2667,2667,137082,1,0,0),
(2668,2668,137047,1,0,0),
(2669,2669,151814,1,0,0),
(2670,2670,137099,1,0,0),
(2671,2671,144274,1,0,0),
(2672,2672,137079,1,0,0),
(2673,2673,151802,1,0,0),
(2674,2674,137063,1,0,0),
(2675,2675,137043,1,0,0),
(2676,2676,138854,1,0,0),
(2677,2677,137051,1,0,0),
(2678,2678,137027,1,0,0),
(2679,2679,151785,1,0,0),
(2680,2680,144354,1,0,0),
(2681,2681,132456,1,0,0),
(2682,2682,137050,1,0,0),
(2683,2683,137045,1,0,0),
(2684,2684,132861,1,0,0),
(2685,2685,137026,1,0,0),
(2686,2686,132447,1,0,0),
(2687,2687,137616,1,0,0),
(2688,2688,137067,1,0,0),
(2689,2689,137036,1,0,0),
(2690,2690,137015,1,0,0),
(2691,2691,137028,1,0,0),
(2692,2692,137095,1,0,0),
(2693,2693,137074,1,0,0),
(2694,2694,137030,1,0,0),
(2695,2695,137041,1,0,0),
(2696,2696,137097,1,0,0),
(2697,2697,132441,1,0,0),
(2698,2698,151784,1,0,0),
(2699,2699,137018,1,0,0),
(2700,2700,137100,1,0,0),
(2701,2701,144279,1,0,0),
(2702,2702,144280,1,0,0),
(2703,2703,132863,1,0,0),
(2704,2704,133800,1,0,0),
(2705,2705,132442,1,0,0),
(2706,2706,151809,1,0,0),
(2707,2707,144293,1,0,0),
(2708,2708,151796,1,0,0),
(2709,2709,137066,1,0,0),
(2710,2710,133976,1,0,0),
(2711,2711,137040,1,0,0),
(2712,2712,151798,1,0,0),
(2713,2713,151783,1,0,0),
(2714,2714,137086,1,0,0),
(2715,2715,137019,1,0,0),
(2716,2716,146666,1,0,0),
(2717,2717,151803,1,0,0),
(2718,2718,137088,1,0,0),
(2719,2719,137101,1,0,0),
(2720,2720,144361,1,0,0),
(2721,2721,137017,1,0,0),
(2722,2722,133977,1,0,0),
(2723,2723,151801,1,0,0),
(2724,2724,137052,1,0,0),
(2725,2725,144358,1,0,0),
(2726,2726,144249,1,0,0),
(2727,2727,137060,1,0,0),
(2728,2728,151822,1,0,0),
(2729,2729,144277,1,0,0),
(2730,2730,132409,1,0,0),
(2731,2731,137038,1,0,0),
(2732,2732,137072,1,0,0),
(2733,2733,154172,1,0,0),
(2734,2734,132460,1,0,0),
(2735,2735,132445,1,0,0),
(2736,2736,137102,1,0,0),
(2737,2737,137084,1,0,0),
(2738,2738,137024,1,0,0),
(2739,2739,132443,1,0,0),
(2740,2740,140846,1,0,0),
(2741,2741,137014,1,0,0),
(2742,2742,132376,1,0,0);

REPLACE INTO `battlepay_product`(`ProductID`,`NormalPriceFixedPoint`,`CurrentPriceFixedPoint`,`Type`,`ChoiceType`,`Flags`,`DisplayInfoID`,`ScriptName`,`WebsiteType`)VALUES
(2500,10,8,0,2,137098,2500,'',3),
(2501,10,8,0,2,137055,2501,'',3),
(2502,10,8,0,2,133971,2502,'',3),
(2503,10,8,0,2,144438,2503,'',3),
(2504,10,8,0,2,133970,2504,'',3),
(2505,10,8,0,2,132461,2505,'',3),
(2506,10,8,0,2,144242,2506,'',3),
(2507,10,8,0,2,137109,2507,'',3),
(2508,10,8,0,2,137069,2508,'',3),
(2509,10,8,0,2,132369,2509,'',3),
(2510,10,8,0,2,137020,2510,'',3),
(2511,10,8,0,2,137077,2511,'',3),
(2512,10,8,0,2,137081,2512,'',3),
(2513,10,8,0,2,144385,2513,'',3),
(2514,10,8,0,2,146668,2514,'',3),
(2515,10,8,0,2,144258,2515,'',3),
(2516,10,8,0,2,151824,2516,'',3),
(2517,10,8,0,2,137037,2517,'',3),
(2518,10,8,0,2,137105,2518,'',3),
(2519,10,8,0,2,151807,2519,'',3),
(2520,10,8,0,2,137073,2520,'',3),
(2521,10,8,0,2,143732,2521,'',3),
(2522,10,8,0,2,137033,2522,'',3),
(2523,10,8,0,2,137059,2523,'',3),
(2524,10,8,0,2,137070,2524,'',3),
(2525,10,8,0,2,132458,2525,'',3),
(2526,10,8,0,2,143728,2526,'',3),
(2527,10,8,0,2,137089,2527,'',3),
(2528,10,8,0,2,137031,2528,'',3),
(2529,10,8,0,2,151811,2529,'',3),
(2530,10,8,0,2,137094,2530,'',3),
(2531,10,8,0,2,137054,2531,'',3),
(2532,10,8,0,2,133973,2532,'',3),
(2533,10,8,0,2,151782,2533,'',3),
(2534,10,8,0,2,137064,2534,'',3),
(2535,10,8,0,2,146669,2535,'',3),
(2536,10,8,0,2,151821,2536,'',3),
(2537,10,8,0,2,144326,2537,'',3),
(2538,10,8,0,2,132448,2538,'',3),
(2539,10,8,0,2,151823,2539,'',3),
(2540,10,8,0,2,151818,2540,'',3),
(2541,10,8,0,2,151815,2541,'',3),
(2542,10,8,0,2,144239,2542,'',3),
(2543,10,8,0,2,137062,2543,'',3),
(2544,10,8,0,2,137021,2544,'',3),
(2545,10,8,0,2,137091,2545,'',3),
(2546,10,8,0,2,137035,2546,'',3),
(2547,10,8,0,2,137078,2547,'',3),
(2548,10,8,0,2,151817,2548,'',3),
(2549,10,8,0,2,137382,2549,'',3),
(2550,10,8,0,2,151787,2550,'',3),
(2551,10,8,0,2,137042,2551,'',3),
(2552,10,8,0,2,137075,2552,'',3),
(2553,10,8,0,2,132381,2553,'',3),
(2554,10,8,0,2,151788,2554,'',3),
(2555,10,8,0,2,137103,2555,'',3),
(2556,10,8,0,2,138117,2556,'',3),
(2557,10,8,0,2,144292,2557,'',3),
(2558,10,8,0,2,151795,2558,'',3),
(2559,10,8,0,2,151639,2559,'',3),
(2560,10,8,0,2,150936,2560,'',3),
(2561,10,8,0,2,151649,2561,'',3),
(2562,10,8,0,2,151641,2562,'',3),
(2563,10,8,0,2,151644,2563,'',3),
(2564,10,8,0,2,151646,2564,'',3),
(2565,10,8,0,2,151643,2565,'',3),
(2566,10,8,0,2,151647,2566,'',3),
(2567,10,8,0,2,151640,2567,'',3),
(2568,10,8,0,2,151650,2568,'',3),
(2569,10,8,0,2,151642,2569,'',3),
(2570,10,8,0,2,151636,2570,'',3),
(2571,10,8,0,2,151819,2571,'',3),
(2572,10,8,0,2,137025,2572,'',3),
(2573,10,8,0,2,144281,2573,'',3),
(2574,10,8,0,2,132436,2574,'',3),
(2575,10,8,0,2,132379,2575,'',3),
(2576,10,8,0,2,141321,2576,'',3),
(2577,10,8,0,2,144340,2577,'',3),
(2578,10,8,0,2,151810,2578,'',3),
(2579,10,8,0,2,132410,2579,'',3),
(2580,10,8,0,2,137032,2580,'',3),
(2581,10,8,0,2,132365,2581,'',3),
(2582,10,8,0,2,132367,2582,'',3),
(2583,10,8,0,2,132452,2583,'',3),
(2584,10,8,0,2,137223,2584,'',3),
(2585,10,8,0,2,151813,2585,'',3),
(2586,10,8,0,2,144275,2586,'',3),
(2587,10,8,0,2,137016,2587,'',3),
(2588,10,8,0,2,132378,2588,'',3),
(2589,10,8,0,2,137071,2589,'',3),
(2590,10,8,0,2,132466,2590,'',3),
(2591,10,8,0,2,137080,2591,'',3),
(2592,10,8,0,2,132413,2592,'',3),
(2593,10,8,0,2,146667,2593,'',3),
(2594,10,8,0,2,132393,2594,'',3),
(2595,10,8,0,2,144364,2595,'',3),
(2596,10,8,0,2,132453,2596,'',3),
(2597,10,8,0,2,144247,2597,'',3),
(2598,10,8,0,2,151800,2598,'',3),
(2599,10,8,0,2,137061,2599,'',3),
(2600,10,8,0,2,137227,2600,'',3),
(2601,10,8,0,2,144355,2601,'',3),
(2602,10,8,0,2,132444,2602,'',3),
(2603,10,8,0,2,137023,2603,'',3),
(2604,10,8,0,2,137083,2604,'',3),
(2605,10,8,0,2,137058,2605,'',3),
(2606,10,8,0,2,132457,2606,'',3),
(2607,10,8,0,2,132357,2607,'',3),
(2608,10,8,0,2,151812,2608,'',3),
(2609,10,8,0,2,132449,2609,'',3),
(2610,10,8,0,2,137096,2610,'',3),
(2611,10,8,0,2,132459,2611,'',3),
(2612,10,8,0,2,151805,2612,'',3),
(2613,10,8,0,2,138879,2613,'',3),
(2614,10,8,0,2,137092,2614,'',3),
(2615,10,8,0,2,132375,2615,'',3),
(2616,10,8,0,2,137076,2616,'',3),
(2617,10,8,0,2,151799,2617,'',3),
(2618,10,8,0,2,144432,2618,'',3),
(2619,10,8,0,2,132455,2619,'',3),
(2620,10,8,0,2,137104,2620,'',3),
(2621,10,8,0,2,137034,2621,'',3),
(2622,10,8,0,2,137087,2622,'',3),
(2623,10,8,0,2,137276,2623,'',3),
(2624,10,8,0,2,132451,2624,'',3),
(2625,10,8,0,2,132450,2625,'',3),
(2626,10,8,0,2,132437,2626,'',3),
(2627,10,8,0,2,137090,2627,'',3),
(2628,10,8,0,2,144303,2628,'',3),
(2629,10,8,0,2,132406,2629,'',3),
(2630,10,8,0,2,137220,2630,'',3),
(2631,10,8,0,2,144273,2631,'',3),
(2632,10,8,0,2,144236,2632,'',3),
(2633,10,8,0,2,151808,2633,'',3),
(2634,10,8,0,2,137107,2634,'',3),
(2635,10,8,0,2,132864,2635,'',3),
(2636,10,8,0,2,138140,2636,'',3),
(2637,10,8,0,2,141353,2637,'',3),
(2638,10,8,0,2,132407,2638,'',3),
(2639,10,8,0,2,137056,2639,'',3),
(2640,10,8,0,2,137022,2640,'',3),
(2641,10,8,0,2,137048,2641,'',3),
(2642,10,8,0,2,144369,2642,'',3),
(2643,10,8,0,2,137068,2643,'',3),
(2644,10,8,0,2,133974,2644,'',3),
(2645,10,8,0,2,132411,2645,'',3),
(2646,10,8,0,2,144295,2646,'',3),
(2647,10,8,0,2,132454,2647,'',3),
(2648,10,8,0,2,132366,2648,'',3),
(2649,10,8,0,2,138949,2649,'',3),
(2650,10,8,0,2,144259,2650,'',3),
(2651,10,8,0,2,137053,2651,'',3),
(2652,10,8,0,2,132374,2652,'',3),
(2653,10,8,0,2,137029,2653,'',3),
(2654,10,8,0,2,144244,2654,'',3),
(2655,10,8,0,2,137108,2655,'',3),
(2656,10,8,0,2,137065,2656,'',3),
(2657,10,8,0,2,137044,2657,'',3),
(2658,10,8,0,2,137085,2658,'',3),
(2659,10,8,0,2,152626,2659,'',3),
(2660,10,8,0,2,137049,2660,'',3),
(2661,10,8,0,2,151786,2661,'',3),
(2662,10,8,0,2,137039,2662,'',3),
(2663,10,8,0,2,137046,2663,'',3),
(2664,10,8,0,2,144260,2664,'',3),
(2665,10,8,0,2,132394,2665,'',3),
(2666,10,8,0,2,137057,2666,'',3),
(2667,10,8,0,2,137082,2667,'',3),
(2668,10,8,0,2,137047,2668,'',3),
(2669,10,8,0,2,151814,2669,'',3),
(2670,10,8,0,2,137099,2670,'',3),
(2671,10,8,0,2,144274,2671,'',3),
(2672,10,8,0,2,137079,2672,'',3),
(2673,10,8,0,2,151802,2673,'',3),
(2674,10,8,0,2,137063,2674,'',3),
(2675,10,8,0,2,137043,2675,'',3),
(2676,10,8,0,2,138854,2676,'',3),
(2677,10,8,0,2,137051,2677,'',3),
(2678,10,8,0,2,137027,2678,'',3),
(2679,10,8,0,2,151785,2679,'',3),
(2680,10,8,0,2,144354,2680,'',3),
(2681,10,8,0,2,132456,2681,'',3),
(2682,10,8,0,2,137050,2682,'',3),
(2683,10,8,0,2,137045,2683,'',3),
(2684,10,8,0,2,132861,2684,'',3),
(2685,10,8,0,2,137026,2685,'',3),
(2686,10,8,0,2,132447,2686,'',3),
(2687,10,8,0,2,137616,2687,'',3),
(2688,10,8,0,2,137067,2688,'',3),
(2689,10,8,0,2,137036,2689,'',3),
(2690,10,8,0,2,137015,2690,'',3),
(2691,10,8,0,2,137028,2691,'',3),
(2692,10,8,0,2,137095,2692,'',3),
(2693,10,8,0,2,137074,2693,'',3),
(2694,10,8,0,2,137030,2694,'',3),
(2695,10,8,0,2,137041,2695,'',3),
(2696,10,8,0,2,137097,2696,'',3),
(2697,10,8,0,2,132441,2697,'',3),
(2698,10,8,0,2,151784,2698,'',3),
(2699,10,8,0,2,137018,2699,'',3),
(2700,10,8,0,2,137100,2700,'',3),
(2701,10,8,0,2,144279,2701,'',3),
(2702,10,8,0,2,144280,2702,'',3),
(2703,10,8,0,2,132863,2703,'',3),
(2704,10,8,0,2,133800,2704,'',3),
(2705,10,8,0,2,132442,2705,'',3),
(2706,10,8,0,2,151809,2706,'',3),
(2707,10,8,0,2,144293,2707,'',3),
(2708,10,8,0,2,151796,2708,'',3),
(2709,10,8,0,2,137066,2709,'',3),
(2710,10,8,0,2,133976,2710,'',3),
(2711,10,8,0,2,137040,2711,'',3),
(2712,10,8,0,2,151798,2712,'',3),
(2713,10,8,0,2,151783,2713,'',3),
(2714,10,8,0,2,137086,2714,'',3),
(2715,10,8,0,2,137019,2715,'',3),
(2716,10,8,0,2,146666,2716,'',3),
(2717,10,8,0,2,151803,2717,'',3),
(2718,10,8,0,2,137088,2718,'',3),
(2719,10,8,0,2,137101,2719,'',3),
(2720,10,8,0,2,144361,2720,'',3),
(2721,10,8,0,2,137017,2721,'',3),
(2722,10,8,0,2,133977,2722,'',3),
(2723,10,8,0,2,151801,2723,'',3),
(2724,10,8,0,2,137052,2724,'',3),
(2725,10,8,0,2,144358,2725,'',3),
(2726,10,8,0,2,144249,2726,'',3),
(2727,10,8,0,2,137060,2727,'',3),
(2728,10,8,0,2,151822,2728,'',3),
(2729,10,8,0,2,144277,2729,'',3),
(2730,10,8,0,2,132409,2730,'',3),
(2731,10,8,0,2,137038,2731,'',3),
(2732,10,8,0,2,137072,2732,'',3),
(2733,10,8,0,2,154172,2733,'',3),
(2734,10,8,0,2,132460,2734,'',3),
(2735,10,8,0,2,132445,2735,'',3),
(2736,10,8,0,2,137102,2736,'',3),
(2737,10,8,0,2,137084,2737,'',3),
(2738,10,8,0,2,137024,2738,'',3),
(2739,10,8,0,2,132443,2739,'',3),
(2740,10,8,0,2,140846,2740,'',3),
(2741,10,8,0,2,137014,2741,'',3),
(2742,10,8,0,2,132376,2742,'',3);

REPLACE INTO `battlepay_shop_entry` (`EntryID`, `GroupID`, `ProductID`, `Ordering`, `BannerType`, `DisplayInfoID`) VALUES 
(2500,6,2500,1,0,0),
(2501,6,2501,2,0,0),
(2502,6,2502,3,0,0),
(2503,6,2503,4,0,0),
(2504,6,2504,5,0,0),
(2505,6,2505,6,0,0),
(2506,6,2506,7,0,0),
(2507,6,2507,8,0,0),
(2508,6,2508,9,0,0),
(2509,6,2509,10,0,0),
(2510,6,2510,11,0,0),
(2511,6,2511,12,0,0),
(2512,6,2512,13,0,0),
(2513,6,2513,14,0,0),
(2514,6,2514,15,0,0),
(2515,6,2515,16,0,0),
(2516,6,2516,17,0,0),
(2517,6,2517,18,0,0),
(2518,6,2518,19,0,0),
(2519,6,2519,20,0,0),
(2520,6,2520,21,0,0),
(2521,6,2521,22,0,0),
(2522,6,2522,23,0,0),
(2523,6,2523,24,0,0),
(2524,6,2524,25,0,0),
(2525,6,2525,26,0,0),
(2526,6,2526,27,0,0),
(2527,6,2527,28,0,0),
(2528,6,2528,29,0,0),
(2529,6,2529,30,0,0),
(2530,6,2530,31,0,0),
(2531,6,2531,32,0,0),
(2532,6,2532,33,0,0),
(2533,6,2533,34,0,0),
(2534,6,2534,35,0,0),
(2535,6,2535,36,0,0),
(2536,6,2536,37,0,0),
(2537,6,2537,38,0,0),
(2538,6,2538,39,0,0),
(2539,6,2539,40,0,0),
(2540,6,2540,41,0,0),
(2541,6,2541,42,0,0),
(2542,6,2542,43,0,0),
(2543,6,2543,44,0,0),
(2544,6,2544,45,0,0),
(2545,6,2545,46,0,0),
(2546,6,2546,47,0,0),
(2547,6,2547,48,0,0),
(2548,6,2548,49,0,0),
(2549,6,2549,50,0,0),
(2550,6,2550,51,0,0),
(2551,6,2551,52,0,0),
(2552,6,2552,53,0,0),
(2553,6,2553,54,0,0),
(2554,6,2554,55,0,0),
(2555,6,2555,56,0,0),
(2556,6,2556,57,0,0),
(2557,6,2557,58,0,0),
(2558,6,2558,59,0,0),
(2559,6,2559,60,0,0),
(2560,6,2560,61,0,0),
(2561,6,2561,62,0,0),
(2562,6,2562,63,0,0),
(2563,6,2563,64,0,0),
(2564,6,2564,65,0,0),
(2565,6,2565,66,0,0),
(2566,6,2566,67,0,0),
(2567,6,2567,68,0,0),
(2568,6,2568,69,0,0),
(2569,6,2569,70,0,0),
(2570,6,2570,71,0,0),
(2571,6,2571,72,0,0),
(2572,6,2572,73,0,0),
(2573,6,2573,74,0,0),
(2574,6,2574,75,0,0),
(2575,6,2575,76,0,0),
(2576,6,2576,77,0,0),
(2577,6,2577,78,0,0),
(2578,6,2578,79,0,0),
(2579,6,2579,80,0,0),
(2580,6,2580,81,0,0),
(2581,6,2581,82,0,0),
(2582,6,2582,83,0,0),
(2583,6,2583,84,0,0),
(2584,6,2584,85,0,0),
(2585,6,2585,86,0,0),
(2586,6,2586,87,0,0),
(2587,6,2587,88,0,0),
(2588,6,2588,89,0,0),
(2589,6,2589,90,0,0),
(2590,6,2590,91,0,0),
(2591,6,2591,92,0,0),
(2592,6,2592,93,0,0),
(2593,6,2593,94,0,0),
(2594,6,2594,95,0,0),
(2595,6,2595,96,0,0),
(2596,6,2596,97,0,0),
(2597,6,2597,98,0,0),
(2598,6,2598,99,0,0),
(2599,6,2599,100,0,0),
(2600,6,2600,101,0,0),
(2601,6,2601,102,0,0),
(2602,6,2602,103,0,0),
(2603,6,2603,104,0,0),
(2604,6,2604,105,0,0),
(2605,6,2605,106,0,0),
(2606,6,2606,107,0,0),
(2607,6,2607,108,0,0),
(2608,6,2608,109,0,0),
(2609,6,2609,110,0,0),
(2610,6,2610,111,0,0),
(2611,6,2611,112,0,0),
(2612,6,2612,113,0,0),
(2613,6,2613,114,0,0),
(2614,6,2614,115,0,0),
(2615,6,2615,116,0,0),
(2616,6,2616,117,0,0),
(2617,6,2617,118,0,0),
(2618,6,2618,119,0,0),
(2619,6,2619,120,0,0),
(2620,6,2620,121,0,0),
(2621,6,2621,122,0,0),
(2622,6,2622,123,0,0),
(2623,6,2623,124,0,0),
(2624,6,2624,125,0,0),
(2625,6,2625,126,0,0),
(2626,6,2626,127,0,0),
(2627,6,2627,128,0,0),
(2628,6,2628,129,0,0),
(2629,6,2629,130,0,0),
(2630,6,2630,131,0,0),
(2631,6,2631,132,0,0),
(2632,6,2632,133,0,0),
(2633,6,2633,134,0,0),
(2634,6,2634,135,0,0),
(2635,6,2635,136,0,0),
(2636,6,2636,137,0,0),
(2637,6,2637,138,0,0),
(2638,6,2638,139,0,0),
(2639,6,2639,140,0,0),
(2640,6,2640,141,0,0),
(2641,6,2641,142,0,0),
(2642,6,2642,143,0,0),
(2643,6,2643,144,0,0),
(2644,6,2644,145,0,0),
(2645,6,2645,146,0,0),
(2646,6,2646,147,0,0),
(2647,6,2647,148,0,0),
(2648,6,2648,149,0,0),
(2649,6,2649,150,0,0),
(2650,6,2650,151,0,0),
(2651,6,2651,152,0,0),
(2652,6,2652,153,0,0),
(2653,6,2653,154,0,0),
(2654,6,2654,155,0,0),
(2655,6,2655,156,0,0),
(2656,6,2656,157,0,0),
(2657,6,2657,158,0,0),
(2658,6,2658,159,0,0),
(2659,6,2659,160,0,0),
(2660,6,2660,161,0,0),
(2661,6,2661,162,0,0),
(2662,6,2662,163,0,0),
(2663,6,2663,164,0,0),
(2664,6,2664,165,0,0),
(2665,6,2665,166,0,0),
(2666,6,2666,167,0,0),
(2667,6,2667,168,0,0),
(2668,6,2668,169,0,0),
(2669,6,2669,170,0,0),
(2670,6,2670,171,0,0),
(2671,6,2671,172,0,0),
(2672,6,2672,173,0,0),
(2673,6,2673,174,0,0),
(2674,6,2674,175,0,0),
(2675,6,2675,176,0,0),
(2676,6,2676,177,0,0),
(2677,6,2677,178,0,0),
(2678,6,2678,179,0,0),
(2679,6,2679,180,0,0),
(2680,6,2680,181,0,0),
(2681,6,2681,182,0,0),
(2682,6,2682,183,0,0),
(2683,6,2683,184,0,0),
(2684,6,2684,185,0,0),
(2685,6,2685,186,0,0),
(2686,6,2686,187,0,0),
(2687,6,2687,188,0,0),
(2688,6,2688,189,0,0),
(2689,6,2689,190,0,0),
(2690,6,2690,191,0,0),
(2691,6,2691,192,0,0),
(2692,6,2692,193,0,0),
(2693,6,2693,194,0,0),
(2694,6,2694,195,0,0),
(2695,6,2695,196,0,0),
(2696,6,2696,197,0,0),
(2697,6,2697,198,0,0),
(2698,6,2698,199,0,0),
(2699,6,2699,200,0,0),
(2700,6,2700,201,0,0),
(2701,6,2701,202,0,0),
(2702,6,2702,203,0,0),
(2703,6,2703,204,0,0),
(2704,6,2704,205,0,0),
(2705,6,2705,206,0,0),
(2706,6,2706,207,0,0),
(2707,6,2707,208,0,0),
(2708,6,2708,209,0,0),
(2709,6,2709,210,0,0),
(2710,6,2710,211,0,0),
(2711,6,2711,212,0,0),
(2712,6,2712,213,0,0),
(2713,6,2713,214,0,0),
(2714,6,2714,215,0,0),
(2715,6,2715,216,0,0),
(2716,6,2716,217,0,0),
(2717,6,2717,218,0,0),
(2718,6,2718,219,0,0),
(2719,6,2719,220,0,0),
(2720,6,2720,221,0,0),
(2721,6,2721,222,0,0),
(2722,6,2722,223,0,0),
(2723,6,2723,224,0,0),
(2724,6,2724,225,0,0),
(2725,6,2725,226,0,0),
(2726,6,2726,227,0,0),
(2727,6,2727,228,0,0),
(2728,6,2728,229,0,0),
(2729,6,2729,230,0,0),
(2730,6,2730,231,0,0),
(2731,6,2731,232,0,0),
(2732,6,2732,233,0,0),
(2733,6,2733,234,0,0),
(2734,6,2734,235,0,0),
(2735,6,2735,236,0,0),
(2736,6,2736,237,0,0),
(2737,6,2737,238,0,0),
(2738,6,2738,239,0,0),
(2739,6,2739,240,0,0),
(2740,6,2740,241,0,0),
(2741,6,2741,242,0,0),
(2742,6,2742,243,0,0);

REPLACE INTO `battlepay_display_info` (`DisplayInfoId`, `CreatureDisplayInfoID`, `FileDataID`, `Name1`) VALUES
('2500','461127','0','|cffff8000Zoldyck Family Training Shackles'),
('2501','133378','0','|cffff8000Zevrim\'s Hunger'),
('2502','526174','0','|cffff8000Zenk\'aram, Iridi\'s Anadem'),
('2503','630788','0','|cffff8000Zeks Exterminatus'),
('2504','344539','0','|cffff8000Zann\'esu Journey'),
('2505','132948','0','|cffff8000Xalan the Feared\'s Clench'),
('2506','774568','0','|cffff8000X\'oni\'s Caress'),
('2507','133772','0','|cffff8000X\'anshi, Shroud of Archbishop Benedictus'),
('2508','134596','0','|cffff8000Will of Valeera'),
('2509','133420','0','|cffff8000Wilfred\'s Sigil of Superior Summoning'),
('2510','630617','0','|cffff8000Whisper of the Nathrezim'),
('2511','658633','0','|cffff8000Weight of the Earth'),
('2512','340521','0','|cffff8000War Belt of the Sentinel Army'),
('2513','1095295','0','|cffff8000Wakener\'s Loyalty'),
('2514','1269568','0','|cffff8000Vigilance Perch'),
('2515','135918','0','|cffff8000Velen\'s Future Sight'),
('2516','467104','0','|cffff8000Valarjar Berserkers'),
('2517','629697','0','|cffff8000Uvanimor, the Unbeautiful'),
('2518','132616','0','|cffff8000Uther\'s Guard'),
('2519','1531493','0','|cffff8000Unseen Predator\'s Cloak'),
('2520','1115108','0','|cffff8000Unison Spaulders'),
('2521','879083','0','|cffff8000Uncertain Reminder'),
('2522','344556','0','|cffff8000Ullr\'s Feather Snowshoes'),
('2523','648024','0','|cffff8000Tyr\'s Hand of Faith'),
('2524','896703','0','|cffff8000Tyelca, Ferren Marcus\'s Stature'),
('2525','608654','0','|cffff8000Toravon\'s Whiteout Bindings'),
('2526','533757','0','|cffff8000Timeless Stratagem'),
('2527','522862','0','|cffff8000Thundergod\'s Vigor'),
('2528','309792','0','|cffff8000Thraxi\'s Tricksy Treads'),
('2529','627315','0','|cffff8000The Wind Blows'),
('2530','1004903','0','|cffff8000The Wildshaper\'s Clutch'),
('2531','643877','0','|cffff8000The Walls Fell'),
('2532','1029021','0','|cffff8000The Twins\' Painful Touch'),
('2533','898454','0','|cffff8000The Topless Tower'),
('2534','133097','0','|cffff8000The Shadow Hunter\'s Voodoo Mask'),
('2535','1408492','0','|cffff8000The Sentinel\'s Eternal Refuge'),
('2536','1345976','0','|cffff8000The Master Harvester'),
('2537','801141','0','|cffff8000The Mantle of Command'),
('2538','236972','0','|cffff8000The Instructor\'s Fourth Lesson'),
('2539','1021241','0','|cffff8000The Great Storm\'s Eye'),
('2540','1311202','0','|cffff8000The First of the Dead'),
('2541','132768','0','|cffff8000The Empty Crown'),
('2542','645127','0','|cffff8000The Emperor\'s Capacitor'),
('2543','133179','0','|cffff8000The Emerald Dreamcatcher'),
('2544','629630','0','|cffff8000The Dreadlord\'s Deceit'),
('2545','512469','0','|cffff8000The Defiler\'s Lost Vambraces'),
('2546','132550','0','|cffff8000The Deceiver\'s Blood Pact'),
('2547','645124','0','|cffff8000The Dark Titan\'s Advice'),
('2548','134884','0','|cffff8000The Curse of Restlessness'),
('2549','524772','0','|cffff8000The Apex Predator\'s Claw'),
('2550','237037','0','|cffff8000The Alabaster Lady'),
('2551','414297','0','|cffff8000Tearstone of Elune'),
('2552','793164','0','|cffff8000Tak\'theritrix\'s Shoulderpads'),
('2553','1095289','0','|cffff8000Streten\'s Sleepless Shackles'),
('2554','875433','0','|cffff8000Stormstout\'s Last Gasp'),
('2555','613946','0','|cffff8000Storm Tempests'),
('2556','660749','0','|cffff8000Spiritual Journey'),
('2557','1130509','0','|cffff8000Spirit of the Darkness Flame'),
('2558','982079','0','|cffff8000Soulflayer\'s Corruption'),
('2559','1408451','0','|cffff8000Soul of the Slayer'),
('2560','133398','0','|cffff8000Soul of the Shadowblade'),
('2561','1391725','0','|cffff8000Soul of the Netherlord'),
('2562','1391727','0','|cffff8000Soul of the Huntmaster'),
('2563','133410','0','|cffff8000Soul of the Highlord'),
('2564','133409','0','|cffff8000Soul of the High Priest'),
('2565','629695','0','|cffff8000Soul of the Grandmaster'),
('2566','1391704','0','|cffff8000Soul of the Farseer'),
('2567','1391684','0','|cffff8000Soul of the Deathlord'),
('2568','895884','0','|cffff8000Soul of the Battlelord'),
('2569','1391742','0','|cffff8000Soul of the Archmage'),
('2570','1391755','0','|cffff8000Soul of the Archdruid'),
('2571','336780','0','|cffff8000Smoldering Heart'),
('2572','236948','0','|cffff8000Skysec\'s Hold'),
('2573','642722','0','|cffff8000Skullflower\'s Haemostasis'),
('2574','347737','0','|cffff8000Skjoldr, Sanctuary of Ivagont'),
('2575','340016','0','|cffff8000Sin\'dorei Spite'),
('2576','340337','0','|cffff8000Shivarran Symmetry'),
('2577','457839','0','|cffff8000Shelter of Rin'),
('2578','133115','0','|cffff8000Shattered Fragments of Sindragosa'),
('2579','1116962','0','|cffff8000Shard of the Exodar'),
('2580','458324','0','|cffff8000Shadow Satyr\'s Walk'),
('2581','1030539','0','|cffff8000Shackles of Bryndaor'),
('2582','793150','0','|cffff8000Service of Gorefiend'),
('2583','645145','0','|cffff8000Sephuz\'s Secret'),
('2584','337693','0','|cffff8000Seal of Necrofantasia'),
('2585','514179','0','|cffff8000Scarlet Inquisitor\'s Expurgation'),
('2586','973451','0','|cffff8000Saruan\'s Resolve'),
('2587','519000','0','|cffff8000Sal\'salabim\'s Lost Tunic'),
('2588','133408','0','|cffff8000Sacrolash\'s Dark Strike'),
('2589','237463','0','|cffff8000Runemaster\'s Pauldrons'),
('2590','512928','0','|cffff8000Roots of Shaladrassil'),
('2591','512467','0','|cffff8000Roar of the Seven Lions'),
('2592','468857','0','|cffff8000Rhonin\'s Assaulting Armwraps'),
('2593','973448','0','|cffff8000Rethu\'s Incessant Courage'),
('2594','608948','0','|cffff8000Recurrent Ritual'),
('2595','625401','0','|cffff8000Reap and Sow'),
('2596','463919','0','|cffff8000Rattlegore Bone Legplates'),
('2597','973192','0','|cffff8000Rammal\'s Ulterior Motive'),
('2598','1096902','0','|cffff8000Radiant Moonlight'),
('2599','133693','0','|cffff8000Raddon\'s Cascading Eyes'),
('2600','876283','0','|cffff8000Qa\'pla, Eredun War Order'),
('2601','132950','0','|cffff8000Pyrotex Ignition Cloth'),
('2602','525133','0','|cffff8000Prydaz, Xavaric\'s Magnum Opus'),
('2603','524481','0','|cffff8000Promise of Elune, the Moon Goddess'),
('2604','647762','0','|cffff8000Pristine Proto-Scale Girdle'),
('2605','466273','0','|cffff8000Praetorian\'s Tidecallers'),
('2606','132519','0','|cffff8000Power Cord of Lethtendris'),
('2607','462535','0','|cffff8000Pillars of the Dark Portal'),
('2608','347742','0','|cffff8000Pillars of Inmost Light'),
('2609','515957','0','|cffff8000Phyrix\'s Embrace'),
('2610','336776','0','|cffff8000Petrichor Lagniappe'),
('2611','575824','0','|cffff8000Perseverance of the Ebon Martyr'),
('2612','430972','0','|cffff8000Parsel\'s Tongue'),
('2613','461125','0','|cffff8000Ovyd\'s Winter Wrap'),
('2614','336775','0','|cffff8000Oneth\'s Intuition'),
('2615','464507','0','|cffff8000Odr, Shawl of the Ymirjar'),
('2616','1014567','0','|cffff8000Obsidian Stone Spaulders'),
('2617','660459','0','|cffff8000Oblivion\'s Embrace'),
('2618','660454','0','|cffff8000Oakheart\'s Puny Quods'),
('2619','349114','0','|cffff8000Norgannon\'s Foresight'),
('2620','426497','0','|cffff8000Nobundo\'s Redemption'),
('2621','648013','0','|cffff8000Nesingwary\'s Trapping Treads'),
('2622','133720','0','|cffff8000Naj\'entus\'s Vertebrae'),
('2623','133396','0','|cffff8000N\'ero, Band of Promises'),
('2624','340020','0','|cffff8000Mystic Kilt of the Rune Master'),
('2625','626011','0','|cffff8000Muze\'s Unwavering Will'),
('2626','135078','0','|cffff8000Mother Shahraz\'s Seduction'),
('2627','1029374','0','|cffff8000Mo\'arg Bionic Stabilizers'),
('2628','1003748','0','|cffff8000MKII Gyroscopic Stabilizer'),
('2629','526168','0','|cffff8000Marquee Bindings of the Sun King'),
('2630','1029022','0','|cffff8000March of the Legion'),
('2631','348279','0','|cffff8000Maraad\'s Dying Breath'),
('2632','534463','0','|cffff8000Mantle of the Master Assassin'),
('2633','135122','0','|cffff8000Mantle of the First Kirin Tor'),
('2634','529878','0','|cffff8000Mannoroth\'s Bloodletting Manacles'),
('2635','446077','0','|cffff8000Mangaza\'s Madness'),
('2636','457778','0','|cffff8000Magtheridon\'s Banished Bracers'),
('2637','519397','0','|cffff8000Magnetized Blasting Cap Launcher'),
('2638','236988','0','|cffff8000Magistrike Restraints'),
('2639','1017824','0','|cffff8000Luffa Wrappings'),
('2640','534592','0','|cffff8000Loramus Thalipedes\' Sacrifice'),
('2641','133403','0','|cffff8000Liadrin\'s Fury Unleashed'),
('2642','530831','0','|cffff8000Lessons of Space-Time'),
('2643','134652','0','|cffff8000Leggings of The Black Flame'),
('2644','629694','0','|cffff8000Lana\'thel\'s Lament'),
('2645','1336645','0','|cffff8000Lady Vashj\'s Grasp'),
('2646','973554','0','|cffff8000Lady and the Child'),
('2647','659900','0','|cffff8000Koralon\'s Burning Touch'),
('2648','132503','0','|cffff8000Koltira\'s Newfound Will'),
('2649','609746','0','|cffff8000Kirel Narak'),
('2650','1357805','0','|cffff8000Kil\'jaeden\'s Burning Wish'),
('2651','627126','0','|cffff8000Kazzalax, Fujieda\'s Fury'),
('2652','462523','0','|cffff8000Kazzak\'s Final Curse'),
('2653','446083','0','|cffff8000Katsuo\'s Eclipse'),
('2654','516526','0','|cffff8000Kam Xi\'raff'),
('2655','793158','0','|cffff8000Kakushan\'s Stormscale Gauntlets'),
('2656','237035','0','|cffff8000Justice Gaze'),
('2657','643420','0','|cffff8000Jewel of the Lost Abbey'),
('2658','660455','0','|cffff8000Intact Nazjatar Molting'),
('2659','133402','0','|cffff8000Insignia of the Grand Army'),
('2660','652161','0','|cffff8000Insignia of Ravenholdt'),
('2661','538241','0','|cffff8000Inner Hallation'),
('2662','896701','0','|cffff8000Impeccable Fel Essence'),
('2663','512791','0','|cffff8000Ilterendi, Crown Jewel of Silvermoon'),
('2664','315280','0','|cffff8000Ice Time'),
('2665','340019','0','|cffff8000Hood of Eternal Disdain'),
('2666','519001','0','|cffff8000Hidden Master\'s Forbidden Touch'),
('2667','960036','0','|cffff8000Helbrine, Rope of the Mist Marauder'),
('2668','133414','0','|cffff8000Heathcliff\'s Immortality'),
('2669','1026772','0','|cffff8000Heart of the Void'),
('2670','534453','0','|cffff8000Greenskin\'s Waterlogged Wristcuffs'),
('2671','1337422','0','|cffff8000Gravity Spiral'),
('2672','236942','0','|cffff8000Gai Plin\'s Soothing Sash'),
('2673','1035498','0','|cffff8000Fury of Nature'),
('2674','468863','0','|cffff8000Fundamental Observation'),
('2675','1017868','0','|cffff8000Frizzo\'s Fingertrap'),
('2676','642702','0','|cffff8000Fragment of the Betrayer\'s Prison'),
('2677','515959','0','|cffff8000Focuser of Jonat, the Elder'),
('2678','457742','0','|cffff8000Firestone Walkers'),
('2679','801136','0','|cffff8000Fire in the Deep'),
('2680','457934','0','|cffff8000Fiery Red Maimers'),
('2681','880179','0','|cffff8000Feretory of Souls'),
('2682','133424','0','|cffff8000Eye of the Twisting Nether'),
('2683','133387','0','|cffff8000Eye of Collidus the Warp-Watcher'),
('2684','132684','0','|cffff8000Estel, Dejahna\'s Inspiration'),
('2685','443333','0','|cffff8000Essence of Infusion'),
('2686','526176','0','|cffff8000Entrancing Trousers of An\'juna'),
('2687','458326','0','|cffff8000Emalon\'s Charged Core'),
('2688','613406','0','|cffff8000Elize\'s Everlasting Encasement'),
('2689','526166','0','|cffff8000Elemental Rebalancers'),
('2690','132728','0','|cffff8000Ekowraith, Creator of Worlds'),
('2691','323409','0','|cffff8000Ei\'thas, Lunar Glides of Eramas'),
('2692','348767','0','|cffff8000Edraith, Bonds of Aglaya'),
('2693','520758','0','|cffff8000Echoes of the Great Sundering'),
('2694','340332','0','|cffff8000Duskwalker\'s Footpads'),
('2695','1116971','0','|cffff8000Dual Determination'),
('2696','236970','0','|cffff8000Drinking Horn Cover'),
('2697','575819','0','|cffff8000Draugr, Girdle of the Everlasting King'),
('2698','465109','0','|cffff8000Doorway to Nowhere'),
('2699','436748','0','|cffff8000Destiny Driver'),
('2700','647877','0','|cffff8000Denial of the Half-Giants'),
('2701','135076','0','|cffff8000Delusions of Grandeur'),
('2702','367599','0','|cffff8000Death March'),
('2703','135805','0','|cffff8000Darckli\'s Dragonfire Diadem'),
('2704','647865','0','|cffff8000Cord of Maiev, Priestess of the Moon'),
('2705','236925','0','|cffff8000Cord of Infinity'),
('2706','516528','0','|cffff8000Contained Infernal Core'),
('2707','134679','0','|cffff8000Consort\'s Cold Core'),
('2708','1100039','0','|cffff8000Cold Heart'),
('2709','133761','0','|cffff8000Cloak of Fel Flames'),
('2710','660455','0','|cffff8000Cinidaria, the Symbiote'),
('2711','514949','0','|cffff8000Chatoyant Signet'),
('2712','1052546','0','|cffff8000Chaos Theory'),
('2713','340340','0','|cffff8000Chameleon Song'),
('2714','514333','0','|cffff8000Chain of Thrayn'),
('2715','623772','0','|cffff8000Cenedril, Reflector of Hatred'),
('2716','1083038','0','|cffff8000Celumbra, the Night\'s Dichotomy'),
('2717','531415','0','|cffff8000Celerity of the Windrunners'),
('2718','874912','0','|cffff8000Ceann-Ar Charger'),
('2719','312645','0','|cffff8000Call of the Wild'),
('2720','132637','0','|cffff8000Butcher\'s Bone Apron'),
('2721','648022','0','|cffff8000Breastplate of the Golden Val\'kyr'),
('2722','341768','0','|cffff8000Belo\'vir\'s Final Stand'),
('2723','1095670','0','|cffff8000Behemoth Headdress'),
('2724','514929','0','|cffff8000Ayala\'s Stone Heart'),
('2725','520757','0','|cffff8000Ashes to Dust'),
('2726','136030','0','|cffff8000Archimonde\'s Hatred Reborn'),
('2727','793159','0','|cffff8000Archavon\'s Heavy Hand'),
('2728','457958','0','|cffff8000Ararat\'s Bloodmirror'),
('2729','590807','0','|cffff8000Anvil-Hardened Wristwraps'),
('2730','514335','0','|cffff8000Anund\'s Seared Shackles'),
('2731','1043904','0','|cffff8000Anger of the Half-Giants'),
('2732','903040','0','|cffff8000Aman\'Thul\'s Wisdom'),
('2733','1729937','0','|cffff8000Aman\'Thul\'s Vision'),
('2734','133407','0','|cffff8000Alythess\'s Pyrogenics'),
('2735','309659','0','|cffff8000Al\'maiesh, the Cord of Hope'),
('2736','613948','0','|cffff8000Al\'Akir\'s Acrimony'),
('2737','468711','0','|cffff8000Akainu\'s Absolute Justice'),
('2738','321409','0','|cffff8000Ailuro Pouncers'),
('2739','466268','0','|cffff8000Aggramar\'s Stride'),
('2740','661378','0','|cffff8000Aegisjalmur, the Armguards of Awe'),
('2741','1089136','0','|cffff8000Achor, the Eternal Hunger'),
('2742','628676','0','|cffff8000Acherus Drapes');

replace into `battlepay_display_info_locales` (`ID`, `Locale`, `Name1`) values
('2500','esMX','|cffff8000Grilletes de entrenamiento de la familia Zoldyck.'),
('2501','esMX','|cffff8000Hambre de Zevrim'),
('2502','esMX','|cffff8000Zenk\'aram, guirnalda de Iridi'),
('2503','esMX','|cffff8000Exterminatus de Zek'),
('2504','esMX','|cffff8000Viaje de Zann\'esu'),
('2505','esMX','|cffff8000Xalan, la presa del temido'),
('2506','esMX','|cffff8000Caricia de X\'oni'),
('2507','esMX','|cffff8000X\'anshi, Sudario del Arzobispo Benedictus'),
('2508','esMX','|cffff8000Voluntad de Valeera'),
('2509','esMX','|cffff8000Invocación del Sello de los Grandes de Wilfred'),
('2510','esMX','|cffff8000Susurro de los Nathrezim'),
('2511','esMX','|cffff8000Peso de la tierra'),
('2512','esMX','|cffff8000Cinturón de guerra del ejército de los centinelas'),
('2513','esMX','|cffff8000Lealtad del heraldo'),
('2514','esMX','|cffff8000Percha de vigilancia'),
('2515','esMX','|cffff8000Visión del futuro de Velen'),
('2516','esMX','|cffff8000Rabiosos valarjar'),
('2517','esMX','|cffff8000Uvanimor, el horrible'),
('2518','esMX','|cffff8000Guardia de Uther'),
('2519','esMX','|cffff8000Capa del depredador invisible'),
('2520','esMX','|cffff8000Bufas simultáneas'),
('2521','esMX','|cffff8000Recordatorio incierto'),
('2522','esMX','|cffff8000Zuecos de nieve de plumas de Ullr'),
('2523','esMX','|cffff8000Mano de fe de Tyr'),
('2524','esMX','|cffff8000Tyelca, la importancia de Ferren Marcus'),
('2525','esMX','|cffff8000Ataduras de tormenta de nieve de Toravon'),
('2526','esMX','|cffff8000Estratagema atemporal'),
('2527','esMX','|cffff8000Vigor del dios del trueno'),
('2528','esMX','|cffff8000Botines astutos de Thraxi'),
('2529','esMX','|cffff8000Viento incesante'),
('2530','esMX','|cffff8000El Encierro del Formaferal'),
('2531','esMX','|cffff8000Los muros cayeron'),
('2532','esMX','|cffff8000El toque doloroso de los gemelos'),
('2533','esMX','|cffff8000La torre sin fin'),
('2534','esMX','|cffff8000Máscara de vudú del Cazador de las Sombras'),
('2535','esMX','|cffff8000Refugio eterno de la centinela'),
('2536','esMX','|cffff8000Cosechador maestro'),
('2537','esMX','|cffff8000El manto de comando'),
('2538','esMX','|cffff8000La cuarta lección del instructor'),
('2539','esMX','|cffff8000El ojo de la gran tormenta'),
('2540','esMX','|cffff8000El muerto primigenio'),
('2541','esMX','|cffff8000La corona vacía'),
('2542','esMX','|cffff8000Condensador del emperador'),
('2543','esMX','|cffff8000El atrapasueños esmeralda'),
('2544','esMX','|cffff8000El engaño del Señor del Terror'),
('2545','esMX','|cffff8000Los avambrazos perdidos del Rapiñador'),
('2546','esMX','|cffff8000El pacto de sangre del falsario'),
('2547','esMX','|cffff8000El consejo del titán oscuro'),
('2548','esMX','|cffff8000Maldición de la inquietud'),
('2549','esMX','|cffff8000La garra del superpredador'),
('2550','esMX','|cffff8000La dama de alabastro'),
('2551','esMX','|cffff8000Piedra de lágrima de Elune'),
('2552','esMX','|cffff8000Sobrehombros de Tak\'theritrix'),
('2553','esMX','|cffff8000Grilletes de insomnio de Streten'),
('2554','esMX','|cffff8000Último suspiro de Cerveza de trueno'),
('2555','esMX','|cffff8000Tempestades tormentosas'),
('2556','esMX','|cffff8000Viaje espiritual'),
('2557','esMX','|cffff8000Espíritu de la Llama de la Oscuridad'),
('2558','esMX','|cffff8000Corrupción del Cazador de almas'),
('2559','esMX','|cffff8000Alma del Destripador'),
('2560','esMX','|cffff8000Alma de la Hoja oculta'),
('2561','esMX','|cffff8000Alma del Señor abisal'),
('2562','esMX','|cffff8000Alma del Maestro de caza'),
('2563','esMX','|cffff8000Alma del Alto señor'),
('2564','esMX','|cffff8000Alma del Sumo sacerdote'),
('2565','esMX','|cffff8000Alma del Gran maestro'),
('2566','esMX','|cffff8000Alma del Clarividente'),
('2567','esMX','|cffff8000Alma del Señor de la muerte'),
('2568','esMX','|cffff8000Alma del Señor de la batalla'),
('2569','esMX','|cffff8000Alma del Archimago'),
('2570','esMX','|cffff8000Alma del Archidruida'),
('2571','esMX','|cffff8000Corazón abrasador'),
('2572','esMX','|cffff8000Fuerte de Skysec'),
('2573','esMX','|cffff8000Hemostasia de flor de cráneo'),
('2574','esMX','|cffff8000Skjoldr, Santuario de Ivagont'),
('2575','esMX','|cffff8000Maldad de los Sin\'dorei'),
('2576','esMX','|cffff8000Simetría Shivarra'),
('2577','esMX','|cffff8000Protección de Rin'),
('2578','esMX','|cffff8000Fragmentos rotos de Sindragosa'),
('2579','esMX','|cffff8000Esquirla del Exodar'),
('2580','esMX','|cffff8000Andar del sátiro de las sombras'),
('2581','esMX','|cffff8000Grilletes de Bryndaor'),
('2582','esMX','|cffff8000Servicio de Sanguino'),
('2583','esMX','|cffff8000Secreto de Sephuz'),
('2584','esMX','|cffff8000Sello de Necrofantasia'),
('2585','esMX','|cffff8000Expurgación del Inquisidor Escarlata'),
('2586','esMX','|cffff8000Resolución de Saruan'),
('2587','esMX','|cffff8000Túnica perdida de Sal\'salabim'),
('2588','esMX','|cffff8000Golpe oscuro de Sacrolátigo'),
('2589','esMX','|cffff8000Espaldares de maestro de las runas'),
('2590','esMX','|cffff8000Raíces de Shaladrassil'),
('2591','esMX','|cffff8000Rugido de los Siete leones'),
('2592','esMX','|cffff8000Brazaletes de asalto de Rhonin'),
('2593','esMX','|cffff8000Valor inalterable de Rethu'),
('2594','esMX','|cffff8000Ritual recurrente'),
('2595','esMX','|cffff8000Cosechar y sembrar'),
('2596','esMX','|cffff8000Quijotes de hueso de Traquesangre'),
('2597','esMX','|cffff8000Motivos ocultos de Rammal'),
('2598','esMX','|cffff8000Luz de luna radiante'),
('2599','esMX','|cffff8000Cascada de ojos de Raddon'),
('2600','esMX','|cffff8000Qa\'pla, Orden de guerra Eredun'),
('2601','esMX','|cffff8000Paño de ignición de Pyrotex'),
('2602','esMX','|cffff8000Prydaz, ópera prima de Xavaric'),
('2603','esMX','|cffff8000Promesa de Elune, la diosa luna'),
('2604','esMX','|cffff8000Faja de protoescama prístina'),
('2605','esMX','|cffff8000Clamamareas pretorianas'),
('2606','esMX','|cffff8000Cordón de poder de Lethtendris'),
('2607','esMX','|cffff8000Pilares del Portal Oscuro'),
('2608','esMX','|cffff8000Pilares de la luz recóndita'),
('2609','esMX','|cffff8000Abrazo de Phyrix'),
('2610','esMX','|cffff8000Petrichor Lagniappe'),
('2611','esMX','|cffff8000Perseverancia del Mártir de Ébano'),
('2612','esMX','|cffff8000Lengua pársel'),
('2613','esMX','|cffff8000Envoltura de invierno de Ovyd'),
('2614','esMX','|cffff8000Intuición de Oneth'),
('2615','esMX','|cffff8000Odr, chal Ymirjar'),
('2616','esMX','|cffff8000Bufas de piedra obsidiana'),
('2617','esMX','|cffff8000Abrazo del olvido'),
('2618','esMX','|cffff8000Quods patéticos de Roblezón'),
('2619','esMX','|cffff8000Previsión de Norgannon'),
('2620','esMX','|cffff8000Redención de Nobundo'),
('2621','esMX','|cffff8000Botines atrapadores de Nesingwary'),
('2622','esMX','|cffff8000Vértebra de Naj\'entus'),
('2623','esMX','|cffff8000N\'ero, banda de promesas'),
('2624','esMX','|cffff8000Falda mística del Maestro de Runas'),
('2625','esMX','|cffff8000Voluntad inquebrantable de Muze'),
('2626','esMX','|cffff8000Seducción de la Madre Shahraz'),
('2627','esMX','|cffff8000Estabilizadores biónicos de Mo\'arg'),
('2628','esMX','|cffff8000Estabilizador giroscópico MKII'),
('2629','esMX','|cffff8000Ataduras de marquesina del Rey del Sol'),
('2630','esMX','|cffff8000Marcha de la Legión'),
('2631','esMX','|cffff8000Aliento moribundo de Maraad'),
('2632','esMX','|cffff8000Manto del maestro asesino'),
('2633','esMX','|cffff8000Manto del primer Kirin Tor'),
('2634','esMX','|cffff8000Esposas de flebotomía de Mannoroth'),
('2635','esMX','|cffff8000Locura de Mangaza'),
('2636','esMX','|cffff8000Brazales del desterrado de Magtheridon'),
('2637','esMX','|cffff8000Lanzador de setas explosivas magnetizadas'),
('2638','esMX','|cffff8000Restricciones de Magigolpe'),
('2639','esMX','|cffff8000Envolturas de lufa'),
('2640','esMX','|cffff8000Sacrificio de Loramus Thalimedes'),
('2641','esMX','|cffff8000Furia desatada de Liadrin'),
('2642','esMX','|cffff8000Lecciones sobre lo espaciotemporal'),
('2643','esMX','|cffff8000Leotardos de la Llama Negra'),
('2644','esMX','|cffff8000Lamento de Lana\'thel'),
('2645','esMX','|cffff8000Agarre de Lady Vashj'),
('2646','esMX','|cffff8000La dama y el niño'),
('2647','esMX','|cffff8000Toque ardiente de Koralon'),
('2648','esMX','|cffff8000Nueva voluntad de Koltira'),
('2649','esMX','|cffff8000Kirel Narak'),
('2650','esMX','|cffff8000Anhelo ardiente de Kil’Jaeden'),
('2651','esMX','|cffff8000Kazzalax, la furia de Fujieda'),
('2652','esMX','|cffff8000Maldición final de Kazzak'),
('2653','esMX','|cffff8000Eclipse de Katsuo'),
('2654','esMX','|cffff8000Kam Xi\'raff'),
('2655','esMX','|cffff8000Guanteletes de Escama tormentosa de Kakushan'),
('2656','esMX','|cffff8000Mirada justiciera'),
('2657','esMX','|cffff8000Joya de la abadía perdida'),
('2658','esMX','|cffff8000Muda de Nazjatar intacta'),
('2659','esMX','|cffff8000Insignia del Gran ejército'),
('2660','esMX','|cffff8000Insignia de Ravenholdt'),
('2661','esMX','|cffff8000Halo interior'),
('2662','esMX','|cffff8000Esencia vil impecable'),
('2663','esMX','|cffff8000Ilterendi, la joya de la corona de Lunargenta'),
('2664','esMX','|cffff8000La hora del hielo'),
('2665','esMX','|cffff8000Capucha de desdén eterno'),
('2666','esMX','|cffff8000Toque prohibido del Maestro oculto'),
('2667','esMX','|cffff8000Mar maldito, cuerda del acechador de la niebla'),
('2668','esMX','|cffff8000Inmortalidad del rico del páramo'),
('2669','esMX','|cffff8000Corazón del vacío'),
('2670','esMX','|cffff8000Esposas caladas de Verdetez'),
('2671','esMX','|cffff8000Espiral de gravedad'),
('2672','esMX','|cffff8000Fajín calmante de Gai Plin'),
('2673','esMX','|cffff8000Furia de la naturaleza'),
('2674','esMX','|cffff8000Observación fundamental'),
('2675','esMX','|cffff8000Dedotrampa de Frizzo'),
('2676','esMX','|cffff8000Fragmento de la prisión del traidor'),
('2677','esMX','|cffff8000Concentrador de Jonat, el Ancestro'),
('2678','esMX','|cffff8000Caminantes Piedra de fuego'),
('2679','esMX','|cffff8000Fuego en las profundidades'),
('2680','esMX','|cffff8000Amputadores feroces rojos'),
('2681','esMX','|cffff8000Relicario de almas'),
('2682','esMX','|cffff8000Ojo del Vacío Abisal'),
('2683','esMX','|cffff8000Ojo de Collidus el Vigía'),
('2684','esMX','|cffff8000Estel, la inspiración de Dejahna.'),
('2685','esMX','|cffff8000Esencia de infusión'),
('2686','esMX','|cffff8000Calzas fascinantes de An\'juna'),
('2687','esMX','|cffff8000Carga de núcleo de Emalon'),
('2688','esMX','|cffff8000Claustro eterno de Elize'),
('2689','esMX','|cffff8000Balanzas elementales'),
('2690','esMX','|cffff8000Ekowraith, creador de mundos'),
('2691','esMX','|cffff8000Ei\'thas, Planeadores lunares de Eramas'),
('2692','esMX','|cffff8000Edraith, vínculos de Aglaya'),
('2693','esMX','|cffff8000Ecos del gran Cataclismo'),
('2694','esMX','|cffff8000Escarpines pisaalba'),
('2695','esMX','|cffff8000Determinación doble'),
('2696','esMX','|cffff8000Cubierta de cuerno de beber'),
('2697','esMX','|cffff8000Draugr, faja del Rey Eterno'),
('2698','esMX','|cffff8000Portal sin destino'),
('2699','esMX','|cffff8000Conductor del destino'),
('2700','esMX','|cffff8000Negación de los semigigantes'),
('2701','esMX','|cffff8000Delirios de grandeza'),
('2702','esMX','|cffff8000Marcha mortal'),
('2703','esMX','|cffff8000Diadema de fuego de dragón Darckli'),
('2704','esMX','|cffff8000Cuerda de Maiev, Sacerdotisa de la Luna'),
('2705','esMX','|cffff8000Cinturón de infinidad'),
('2706','esMX','|cffff8000Núcleo infernal contenido'),
('2707','esMX','|cffff8000Núcleo frío del consorte'),
('2708','esMX','|cffff8000Corazón helado'),
('2709','esMX','|cffff8000Capa de llamas viles'),
('2710','esMX','|cffff8000Cinidaria, el parásito'),
('2711','esMX','|cffff8000Sello de Chatoyant'),
('2712','esMX','|cffff8000Teoría del caos'),
('2713','esMX','|cffff8000Canción camaleónica'),
('2714','esMX','|cffff8000Cadena de Thrayn'),
('2715','esMX','|cffff8000Cenedril, Reflector del odio'),
('2716','esMX','|cffff8000Celumbra, la Dicotomía nocturna'),
('2717','esMX','|cffff8000Celeridad de los Brisaveloz'),
('2718','esMX','|cffff8000Destrero Ceann-Ar'),
('2719','esMX','|cffff8000El llamado de la selva'),
('2720','esMX','|cffff8000Delantal de huesos de carnicero'),
('2721','esMX','|cffff8000Coraza del Val\'kyr dorada'),
('2722','esMX','|cffff8000La batalla final de Belo\'vir'),
('2723','esMX','|cffff8000Ornato de behemoth'),
('2724','esMX','|cffff8000Corazón de piedra de Ayala'),
('2725','esMX','|cffff8000Cenizas al polvo'),
('2726','esMX','|cffff8000Odio resurgido de Archimonde'),
('2727','esMX','|cffff8000Mano pesada de Archavon'),
('2728','esMX','|cffff8000Espejo de sangre de Ararat'),
('2729','esMX','|cffff8000Cubremuñecas endurecidas en yunque'),
('2730','esMX','|cffff8000Grilletes abrasados de Anund'),
('2731','esMX','|cffff8000Ira de los semigigantes'),
('2732','esMX','|cffff8000Sabiduría de Aman\'Thul'),
('2733','esMX','|cffff8000Visión de Aman\'Thul'),
('2734','esMX','|cffff8000Pirogénica de Alythess'),
('2735','esMX','|cffff8000Al\'maiesh, la cuerda de la esperanza'),
('2736','esMX','|cffff8000Acritud de Al\'Akir'),
('2737','esMX','|cffff8000Justicia absoluta de Akainu'),
('2738','esMX','|cffff8000Protectores de Ailuro'),
('2739','esMX','|cffff8000Zancada de Aggramar'),
('2740','esMX','|cffff8000Égidajalmur, los guardabrazos de admiración'),
('2741','esMX','|cffff8000Achor, el Hambre eterna'),
('2742','esMX','|cffff8000Mantón de Acherus');

replace into `battlepay_display_info_locales` (`ID`, `Locale`, `Name1`) values
('2500','esES','|cffff8000Grilletes de entrenamiento de la familia Zoldyck.'),
('2501','esES','|cffff8000Hambre de Zevrim'),
('2502','esES','|cffff8000Zenk\'aram, guirnalda de Iridi'),
('2503','esES','|cffff8000Exterminatus de Zek'),
('2504','esES','|cffff8000Viaje de Zann\'esu'),
('2505','esES','|cffff8000Xalan, la presa del temido'),
('2506','esES','|cffff8000Caricia de X\'oni'),
('2507','esES','|cffff8000X\'anshi, Sudario del Arzobispo Benedictus'),
('2508','esES','|cffff8000Voluntad de Valeera'),
('2509','esES','|cffff8000Invocación del Sello de los Grandes de Wilfred'),
('2510','esES','|cffff8000Susurro de los Nathrezim'),
('2511','esES','|cffff8000Peso de la tierra'),
('2512','esES','|cffff8000Cinturón de guerra del ejército de los centinelas'),
('2513','esES','|cffff8000Lealtad del heraldo'),
('2514','esES','|cffff8000Percha de vigilancia'),
('2515','esES','|cffff8000Visión del futuro de Velen'),
('2516','esES','|cffff8000Rabiosos valarjar'),
('2517','esES','|cffff8000Uvanimor, el horrible'),
('2518','esES','|cffff8000Guardia de Uther'),
('2519','esES','|cffff8000Capa del depredador invisible'),
('2520','esES','|cffff8000Bufas simultáneas'),
('2521','esES','|cffff8000Recordatorio incierto'),
('2522','esES','|cffff8000Zuecos de nieve de plumas de Ullr'),
('2523','esES','|cffff8000Mano de fe de Tyr'),
('2524','esES','|cffff8000Tyelca, la importancia de Ferren Marcus'),
('2525','esES','|cffff8000Ataduras de tormenta de nieve de Toravon'),
('2526','esES','|cffff8000Estratagema atemporal'),
('2527','esES','|cffff8000Vigor del dios del trueno'),
('2528','esES','|cffff8000Botines astutos de Thraxi'),
('2529','esES','|cffff8000Viento incesante'),
('2530','esES','|cffff8000El Encierro del Formaferal'),
('2531','esES','|cffff8000Los muros cayeron'),
('2532','esES','|cffff8000El toque doloroso de los gemelos'),
('2533','esES','|cffff8000La torre sin fin'),
('2534','esES','|cffff8000Máscara de vudú del Cazador de las Sombras'),
('2535','esES','|cffff8000Refugio eterno de la centinela'),
('2536','esES','|cffff8000Cosechador maestro'),
('2537','esES','|cffff8000El manto de comando'),
('2538','esES','|cffff8000La cuarta lección del instructor'),
('2539','esES','|cffff8000El ojo de la gran tormenta'),
('2540','esES','|cffff8000El muerto primigenio'),
('2541','esES','|cffff8000La corona vacía'),
('2542','esES','|cffff8000Condensador del emperador'),
('2543','esES','|cffff8000El atrapasueños esmeralda'),
('2544','esES','|cffff8000El engaño del Señor del Terror'),
('2545','esES','|cffff8000Los avambrazos perdidos del Rapiñador'),
('2546','esES','|cffff8000El pacto de sangre del falsario'),
('2547','esES','|cffff8000El consejo del titán oscuro'),
('2548','esES','|cffff8000Maldición de la inquietud'),
('2549','esES','|cffff8000La garra del superpredador'),
('2550','esES','|cffff8000La dama de alabastro'),
('2551','esES','|cffff8000Piedra de lágrima de Elune'),
('2552','esES','|cffff8000Sobrehombros de Tak\'theritrix'),
('2553','esES','|cffff8000Grilletes de insomnio de Streten'),
('2554','esES','|cffff8000Último suspiro de Cerveza de trueno'),
('2555','esES','|cffff8000Tempestades tormentosas'),
('2556','esES','|cffff8000Viaje espiritual'),
('2557','esES','|cffff8000Espíritu de la Llama de la Oscuridad'),
('2558','esES','|cffff8000Corrupción del Cazador de almas'),
('2559','esES','|cffff8000Alma del Destripador'),
('2560','esES','|cffff8000Alma de la Hoja oculta'),
('2561','esES','|cffff8000Alma del Señor abisal'),
('2562','esES','|cffff8000Alma del Maestro de caza'),
('2563','esES','|cffff8000Alma del Alto señor'),
('2564','esES','|cffff8000Alma del Sumo sacerdote'),
('2565','esES','|cffff8000Alma del Gran maestro'),
('2566','esES','|cffff8000Alma del Clarividente'),
('2567','esES','|cffff8000Alma del Señor de la muerte'),
('2568','esES','|cffff8000Alma del Señor de la batalla'),
('2569','esES','|cffff8000Alma del Archimago'),
('2570','esES','|cffff8000Alma del Archidruida'),
('2571','esES','|cffff8000Corazón abrasador'),
('2572','esES','|cffff8000Fuerte de Skysec'),
('2573','esES','|cffff8000Hemostasia de flor de cráneo'),
('2574','esES','|cffff8000Skjoldr, Santuario de Ivagont'),
('2575','esES','|cffff8000Maldad de los Sin\'dorei'),
('2576','esES','|cffff8000Simetría Shivarra'),
('2577','esES','|cffff8000Protección de Rin'),
('2578','esES','|cffff8000Fragmentos rotos de Sindragosa'),
('2579','esES','|cffff8000Esquirla del Exodar'),
('2580','esES','|cffff8000Andar del sátiro de las sombras'),
('2581','esES','|cffff8000Grilletes de Bryndaor'),
('2582','esES','|cffff8000Servicio de Sanguino'),
('2583','esES','|cffff8000Secreto de Sephuz'),
('2584','esES','|cffff8000Sello de Necrofantasia'),
('2585','esES','|cffff8000Expurgación del Inquisidor Escarlata'),
('2586','esES','|cffff8000Resolución de Saruan'),
('2587','esES','|cffff8000Túnica perdida de Sal\'salabim'),
('2588','esES','|cffff8000Golpe oscuro de Sacrolátigo'),
('2589','esES','|cffff8000Espaldares de maestro de las runas'),
('2590','esES','|cffff8000Raíces de Shaladrassil'),
('2591','esES','|cffff8000Rugido de los Siete leones'),
('2592','esES','|cffff8000Brazaletes de asalto de Rhonin'),
('2593','esES','|cffff8000Valor inalterable de Rethu'),
('2594','esES','|cffff8000Ritual recurrente'),
('2595','esES','|cffff8000Cosechar y sembrar'),
('2596','esES','|cffff8000Quijotes de hueso de Traquesangre'),
('2597','esES','|cffff8000Motivos ocultos de Rammal'),
('2598','esES','|cffff8000Luz de luna radiante'),
('2599','esES','|cffff8000Cascada de ojos de Raddon'),
('2600','esES','|cffff8000Qa\'pla, Orden de guerra Eredun'),
('2601','esES','|cffff8000Paño de ignición de Pyrotex'),
('2602','esES','|cffff8000Prydaz, ópera prima de Xavaric'),
('2603','esES','|cffff8000Promesa de Elune, la diosa luna'),
('2604','esES','|cffff8000Faja de protoescama prístina'),
('2605','esES','|cffff8000Clamamareas pretorianas'),
('2606','esES','|cffff8000Cordón de poder de Lethtendris'),
('2607','esES','|cffff8000Pilares del Portal Oscuro'),
('2608','esES','|cffff8000Pilares de la luz recóndita'),
('2609','esES','|cffff8000Abrazo de Phyrix'),
('2610','esES','|cffff8000Petrichor Lagniappe'),
('2611','esES','|cffff8000Perseverancia del Mártir de Ébano'),
('2612','esES','|cffff8000Lengua pársel'),
('2613','esES','|cffff8000Envoltura de invierno de Ovyd'),
('2614','esES','|cffff8000Intuición de Oneth'),
('2615','esES','|cffff8000Odr, chal Ymirjar'),
('2616','esES','|cffff8000Bufas de piedra obsidiana'),
('2617','esES','|cffff8000Abrazo del olvido'),
('2618','esES','|cffff8000Quods patéticos de Roblezón'),
('2619','esES','|cffff8000Previsión de Norgannon'),
('2620','esES','|cffff8000Redención de Nobundo'),
('2621','esES','|cffff8000Botines atrapadores de Nesingwary'),
('2622','esES','|cffff8000Vértebra de Naj\'entus'),
('2623','esES','|cffff8000N\'ero, banda de promesas'),
('2624','esES','|cffff8000Falda mística del Maestro de Runas'),
('2625','esES','|cffff8000Voluntad inquebrantable de Muze'),
('2626','esES','|cffff8000Seducción de la Madre Shahraz'),
('2627','esES','|cffff8000Estabilizadores biónicos de Mo\'arg'),
('2628','esES','|cffff8000Estabilizador giroscópico MKII'),
('2629','esES','|cffff8000Ataduras de marquesina del Rey del Sol'),
('2630','esES','|cffff8000Marcha de la Legión'),
('2631','esES','|cffff8000Aliento moribundo de Maraad'),
('2632','esES','|cffff8000Manto del maestro asesino'),
('2633','esES','|cffff8000Manto del primer Kirin Tor'),
('2634','esES','|cffff8000Esposas de flebotomía de Mannoroth'),
('2635','esES','|cffff8000Locura de Mangaza'),
('2636','esES','|cffff8000Brazales del desterrado de Magtheridon'),
('2637','esES','|cffff8000Lanzador de setas explosivas magnetizadas'),
('2638','esES','|cffff8000Restricciones de Magigolpe'),
('2639','esES','|cffff8000Envolturas de lufa'),
('2640','esES','|cffff8000Sacrificio de Loramus Thalimedes'),
('2641','esES','|cffff8000Furia desatada de Liadrin'),
('2642','esES','|cffff8000Lecciones sobre lo espaciotemporal'),
('2643','esES','|cffff8000Leotardos de la Llama Negra'),
('2644','esES','|cffff8000Lamento de Lana\'thel'),
('2645','esES','|cffff8000Agarre de Lady Vashj'),
('2646','esES','|cffff8000La dama y el niño'),
('2647','esES','|cffff8000Toque ardiente de Koralon'),
('2648','esES','|cffff8000Nueva voluntad de Koltira'),
('2649','esES','|cffff8000Kirel Narak'),
('2650','esES','|cffff8000Anhelo ardiente de Kil’Jaeden'),
('2651','esES','|cffff8000Kazzalax, la furia de Fujieda'),
('2652','esES','|cffff8000Maldición final de Kazzak'),
('2653','esES','|cffff8000Eclipse de Katsuo'),
('2654','esES','|cffff8000Kam Xi\'raff'),
('2655','esES','|cffff8000Guanteletes de Escama tormentosa de Kakushan'),
('2656','esES','|cffff8000Mirada justiciera'),
('2657','esES','|cffff8000Joya de la abadía perdida'),
('2658','esES','|cffff8000Muda de Nazjatar intacta'),
('2659','esES','|cffff8000Insignia del Gran ejército'),
('2660','esES','|cffff8000Insignia de Ravenholdt'),
('2661','esES','|cffff8000Halo interior'),
('2662','esES','|cffff8000Esencia vil impecable'),
('2663','esES','|cffff8000Ilterendi, la joya de la corona de Lunargenta'),
('2664','esES','|cffff8000La hora del hielo'),
('2665','esES','|cffff8000Capucha de desdén eterno'),
('2666','esES','|cffff8000Toque prohibido del Maestro oculto'),
('2667','esES','|cffff8000Mar maldito, cuerda del acechador de la niebla'),
('2668','esES','|cffff8000Inmortalidad del rico del páramo'),
('2669','esES','|cffff8000Corazón del vacío'),
('2670','esES','|cffff8000Esposas caladas de Verdetez'),
('2671','esES','|cffff8000Espiral de gravedad'),
('2672','esES','|cffff8000Fajín calmante de Gai Plin'),
('2673','esES','|cffff8000Furia de la naturaleza'),
('2674','esES','|cffff8000Observación fundamental'),
('2675','esES','|cffff8000Dedotrampa de Frizzo'),
('2676','esES','|cffff8000Fragmento de la prisión del traidor'),
('2677','esES','|cffff8000Concentrador de Jonat, el Ancestro'),
('2678','esES','|cffff8000Caminantes Piedra de fuego'),
('2679','esES','|cffff8000Fuego en las profundidades'),
('2680','esES','|cffff8000Amputadores feroces rojos'),
('2681','esES','|cffff8000Relicario de almas'),
('2682','esES','|cffff8000Ojo del Vacío Abisal'),
('2683','esES','|cffff8000Ojo de Collidus el Vigía'),
('2684','esES','|cffff8000Estel, la inspiración de Dejahna.'),
('2685','esES','|cffff8000Esencia de infusión'),
('2686','esES','|cffff8000Calzas fascinantes de An\'juna'),
('2687','esES','|cffff8000Carga de núcleo de Emalon'),
('2688','esES','|cffff8000Claustro eterno de Elize'),
('2689','esES','|cffff8000Balanzas elementales'),
('2690','esES','|cffff8000Ekowraith, creador de mundos'),
('2691','esES','|cffff8000Ei\'thas, Planeadores lunares de Eramas'),
('2692','esES','|cffff8000Edraith, vínculos de Aglaya'),
('2693','esES','|cffff8000Ecos del gran Cataclismo'),
('2694','esES','|cffff8000Escarpines pisaalba'),
('2695','esES','|cffff8000Determinación doble'),
('2696','esES','|cffff8000Cubierta de cuerno de beber'),
('2697','esES','|cffff8000Draugr, faja del Rey Eterno'),
('2698','esES','|cffff8000Portal sin destino'),
('2699','esES','|cffff8000Conductor del destino'),
('2700','esES','|cffff8000Negación de los semigigantes'),
('2701','esES','|cffff8000Delirios de grandeza'),
('2702','esES','|cffff8000Marcha mortal'),
('2703','esES','|cffff8000Diadema de fuego de dragón Darckli'),
('2704','esES','|cffff8000Cuerda de Maiev, Sacerdotisa de la Luna'),
('2705','esES','|cffff8000Cinturón de infinidad'),
('2706','esES','|cffff8000Núcleo infernal contenido'),
('2707','esES','|cffff8000Núcleo frío del consorte'),
('2708','esES','|cffff8000Corazón helado'),
('2709','esES','|cffff8000Capa de llamas viles'),
('2710','esES','|cffff8000Cinidaria, el parásito'),
('2711','esES','|cffff8000Sello de Chatoyant'),
('2712','esES','|cffff8000Teoría del caos'),
('2713','esES','|cffff8000Canción camaleónica'),
('2714','esES','|cffff8000Cadena de Thrayn'),
('2715','esES','|cffff8000Cenedril, Reflector del odio'),
('2716','esES','|cffff8000Celumbra, la Dicotomía nocturna'),
('2717','esES','|cffff8000Celeridad de los Brisaveloz'),
('2718','esES','|cffff8000Destrero Ceann-Ar'),
('2719','esES','|cffff8000El llamado de la selva'),
('2720','esES','|cffff8000Delantal de huesos de carnicero'),
('2721','esES','|cffff8000Coraza del Val\'kyr dorada'),
('2722','esES','|cffff8000La batalla final de Belo\'vir'),
('2723','esES','|cffff8000Ornato de behemoth'),
('2724','esES','|cffff8000Corazón de piedra de Ayala'),
('2725','esES','|cffff8000Cenizas al polvo'),
('2726','esES','|cffff8000Odio resurgido de Archimonde'),
('2727','esES','|cffff8000Mano pesada de Archavon'),
('2728','esES','|cffff8000Espejo de sangre de Ararat'),
('2729','esES','|cffff8000Cubremuñecas endurecidas en yunque'),
('2730','esES','|cffff8000Grilletes abrasados de Anund'),
('2731','esES','|cffff8000Ira de los semigigantes'),
('2732','esES','|cffff8000Sabiduría de Aman\'Thul'),
('2733','esES','|cffff8000Visión de Aman\'Thul'),
('2734','esES','|cffff8000Pirogénica de Alythess'),
('2735','esES','|cffff8000Al\'maiesh, la cuerda de la esperanza'),
('2736','esES','|cffff8000Acritud de Al\'Akir'),
('2737','esES','|cffff8000Justicia absoluta de Akainu'),
('2738','esES','|cffff8000Protectores de Ailuro'),
('2739','esES','|cffff8000Zancada de Aggramar'),
('2740','esES','|cffff8000Égidajalmur, los guardabrazos de admiración'),
('2741','esES','|cffff8000Achor, el Hambre eterna'),
('2742','esES','|cffff8000Mantón de Acherus');