
-- Reliquias --------
REPLACE INTO `battlepay_shop_entry` (`EntryID`, `GroupID`, `ProductID`, `Ordering`, `Flags`, `BannerType`, `DisplayInfoID`) VALUES
(1000,12,1000,1,0,0,0),
(1001,12,1001,2,0,0,0),
(1002,12,1002,3,0,0,0),
(1003,12,1003,4,0,0,0),
(1004,12,1004,5,0,0,0),
(1005,12,1005,6,0,0,0),
(1006,12,1006,7,0,0,0),
(1007,12,1007,8,0,0,0),
(1008,12,1008,9,0,0,0),
(1009,12,1009,10,0,0,0),
(1010,12,1010,11,0,0,0),
(1011,12,1011,12,0,0,0),
(1012,12,1012,13,0,0,0),
(1013,12,1013,14,0,0,0),
(1014,12,1014,15,0,0,0),
(1015,12,1015,16,0,0,0),
(1016,12,1016,17,0,0,0),
(1017,12,1017,18,0,0,0),
(1018,12,1018,19,0,0,0),
(1019,12,1019,20,0,0,0),
(1020,12,1020,21,0,0,0),
(1021,12,1021,22,0,0,0),
(1022,12,1022,23,0,0,0),
(1023,12,1023,24,0,0,0),
(1024,12,1024,25,0,0,0),
(1025,12,1025,26,0,0,0),
(1026,12,1026,27,0,0,0),
(1027,12,1027,28,0,0,0),
(1028,12,1028,29,0,0,0),
(1029,12,1029,30,0,0,0),
(1030,12,1030,31,0,0,0),
(1031,12,1031,32,0,0,0),
(1032,12,1032,33,0,0,0),
(1033,12,1033,34,0,0,0),
(1034,12,1034,35,0,0,0),
(1035,12,1035,36,0,0,0),
(1036,12,1036,37,0,0,0),
(1037,12,1037,38,0,0,0),
(1038,12,1038,39,0,0,0),
(1039,12,1039,40,0,0,0),
(1040,12,1040,41,0,0,0),
(1041,12,1041,42,0,0,0),
(1042,12,1042,43,0,0,0),
(1043,12,1043,44,0,0,0),
(1044,12,1044,45,0,0,0),
(1045,12,1045,46,0,0,0),
(1046,12,1046,47,0,0,0),
(1047,12,1047,48,0,0,0),
(1048,12,1048,49,0,0,0),
(1049,12,1049,50,0,0,0),
(1050,12,1050,51,0,0,0),
(1051,12,1051,52,0,0,0),
(1052,12,1052,53,0,0,0),
(1053,12,1053,54,0,0,0),
(1054,12,1054,55,0,0,0),
(1055,12,1055,56,0,0,0),
(1056,12,1056,57,0,0,0),
(1057,12,1057,58,0,0,0),
(1058,12,1058,59,0,0,0),
(1059,12,1059,60,0,0,0),
(1060,12,1060,61,0,0,0),
(1061,12,1061,62,0,0,0),
(1062,12,1062,63,0,0,0),
(1063,12,1063,64,0,0,0),
(1064,12,1064,65,0,0,0),
(1065,12,1065,66,0,0,0),
(1066,12,1066,67,0,0,0),
(1067,12,1067,68,0,0,0),
(1068,12,1068,69,0,0,0),
(1069,12,1069,70,0,0,0),
(1070,12,1070,71,0,0,0),
(1071,12,1071,72,0,0,0),
(1072,12,1072,73,0,0,0),
(1073,12,1073,74,0,0,0),
(1074,12,1074,75,0,0,0),
(1075,12,1075,76,0,0,0),
(1076,12,1076,77,0,0,0),
(1077,12,1077,78,0,0,0),
(1078,12,1078,79,0,0,0),
(1079,12,1079,80,0,0,0),
(1080,12,1080,81,0,0,0),
(1081,12,1081,82,0,0,0),
(1082,12,1082,83,0,0,0),
(1083,12,1083,84,0,0,0),
(1084,12,1084,85,0,0,0),
(1085,12,1085,86,0,0,0),
(1086,12,1086,87,0,0,0),
(1087,12,1087,88,0,0,0),
(1088,12,1088,89,0,0,0),
(1089,12,1089,90,0,0,0),
(1090,12,1090,91,0,0,0),
(1091,12,1091,92,0,0,0),
(1092,12,1092,93,0,0,0),
(1093,12,1093,94,0,0,0),
(1094,12,1094,95,0,0,0),
(1095,12,1095,96,0,0,0),
(1096,12,1096,97,0,0,0),
(1097,12,1097,98,0,0,0),
(1098,12,1098,99,0,0,0),
(1099,12,1099,100,0,0,0),
(1100,12,1100,101,0,0,0),
(1101,12,1101,102,0,0,0),
(1102,12,1102,103,0,0,0),
(1103,12,1103,104,0,0,0),
(1104,12,1104,105,0,0,0),
(1105,12,1105,106,0,0,0),
(1106,12,1106,107,0,0,0),
(1107,12,1107,108,0,0,0),
(1108,12,1108,109,0,0,0),
(1109,12,1109,110,0,0,0),
(1110,12,1110,111,0,0,0),
(1111,12,1111,112,0,0,0);

REPLACE INTO `battlepay_product_item` (`ID`, `ProductID`, `ItemID`, `Quantity`, `DisplayID`, `PetResult`, `CreatureDisplayInfoID`) VALUES
(1000,1000,104399,1,0,0,898350),
(1001,1001,104403,1,0,0,898068),
(1002,1002,104409,1,0,0,902177),
(1003,1003,104408,1,0,0,898247),
(1004,1004,104407,1,0,0,902177),
(1005,1005,104406,1,0,0,902178),
(1006,1006,104405,1,0,0,897831),
(1007,1007,104404,1,0,0,898066),
(1008,1008,104402,1,0,0,898067),
(1009,1009,104401,1,0,0,898069),
(1010,1010,104400,1,0,0,897179),
(1011,1011,93903,1,0,0,134959),
(1012,1012,93902,1,0,0,134966),
(1013,1013,93900,1,0,0,133442),
(1014,1014,93899,1,0,0,133452),
(1015,1015,93898,1,0,0,133453),
(1016,1016,93897,1,0,0,133441),
(1017,1017,93896,1,0,0,133434),
(1018,1018,93866,1,0,0,135032),
(1019,1019,93867,1,0,0,135036),
(1020,1020,93876,1,0,0,135060),
(1021,1021,93885,1,0,0,132633),
(1022,1022,93886,1,0,0,135041),
(1023,1023,93887,1,0,0,135032),
(1024,1024,93888,1,0,0,132629),
(1025,1025,93889,1,0,0,135060),
(1026,1026,93890,1,0,0,135061),
(1027,1027,93891,1,0,0,132738),
(1028,1028,93892,1,0,0,132751),
(1029,1029,93893,1,0,0,135045),
(1030,1030,93894,1,0,0,135041),
(1031,1031,93895,1,0,0,135051),
(1032,1032,93865,1,0,0,132721),
(1033,1033,93904,1,0,0,133738),
(1034,1034,44105,1,0,0,135032),
(1035,1035,62029,1,0,0,134588),
(1036,1036,62038,1,0,0,133771),
(1037,1037,62039,1,0,0,133772),
(1038,1038,62040,1,0,0,133757),
(1039,1039,69887,1,0,0,133077),
(1040,1040,69888,1,0,0,134584),
(1041,1041,69892,1,0,0,133758),
(1042,1042,69889,1,0,0,132751),
(1043,1043,69890,1,0,0,135045),
(1044,1044,62027,1,0,0,134628),
(1045,1045,62026,1,0,0,134582),
(1046,1046,61931,1,0,0,133070),
(1047,1047,61935,1,0,0,133127),
(1048,1048,61936,1,0,0,133072),
(1049,1049,61937,1,0,0,133143),
(1050,1050,61942,1,0,0,133126),
(1051,1051,61958,1,0,0,133131),
(1052,1052,62023,1,0,0,134584),
(1053,1053,62024,1,0,0,134583),
(1054,1054,62025,1,0,0,134583),
(1055,1055,69893,1,0,0,135302),
(1056,1056,42946,1,0,0,135496),
(1057,1057,42992,1,0,0,133441),
(1058,1058,44097,1,0,0,133453),
(1059,1059,44098,1,0,0,133452),
(1060,1060,50255,1,0,0,133381),
(1061,1061,42952,1,0,0,135038),
(1062,1062,42984,1,0,0,135037),
(1063,1063,44103,1,0,0,135036),
(1064,1064,48689,1,0,0,132722),
(1065,1065,44101,1,0,0,135041),
(1066,1066,42950,1,0,0,135032),
(1067,1067,44102,1,0,0,135060),
(1068,1068,48677,1,0,0,132629),
(1069,1069,42991,1,0,0,133434),
(1070,1070,48718,1,0,0,132996),
(1071,1071,44093,1,0,0,135618),
(1072,1072,42944,1,0,0,135315),
(1073,1073,44091,1,0,0,135639),
(1074,1074,44096,1,0,0,135346),
(1075,1075,48716,1,0,0,133054),
(1076,1076,42945,1,0,0,135353),
(1077,1077,42948,1,0,0,133042),
(1078,1078,44094,1,0,0,133044),
(1079,1079,42943,1,0,0,132400),
(1080,1080,42947,1,0,0,133445),
(1081,1081,44092,1,0,0,135317),
(1082,1082,44095,1,0,0,135150),
(1083,1083,48683,1,0,0,132633),
(1084,1084,42949,1,0,0,135061),
(1085,1085,93851,1,0,0,135317),
(1086,1086,93852,1,0,0,135639),
(1087,1087,93853,1,0,0,133042),
(1088,1088,93855,1,0,0,135496),
(1089,1089,93856,1,0,0,135353),
(1090,1090,93857,1,0,0,135315),
(1091,1091,93858,1,0,0,237499),
(1092,1092,93859,1,0,0,133732),
(1093,1093,93860,1,0,0,132690),
(1094,1094,93861,1,0,0,135033),
(1095,1095,93862,1,0,0,135038),
(1096,1096,93863,1,0,0,132722),
(1097,1097,93850,1,0,0,133044),
(1098,1098,93849,1,0,0,135150),
(1099,1099,44100,1,0,0,135041),
(1100,1100,48685,1,0,0,132738),
(1101,1101,42985,1,0,0,133732),
(1102,1102,44107,1,0,0,135033),
(1103,1103,48691,1,0,0,132690),
(1104,1104,93841,1,0,0,135618),
(1105,1105,93843,1,0,0,132400),
(1106,1106,93844,1,0,0,135166),
(1107,1107,93845,1,0,0,135302),
(1108,1108,93846,1,0,0,132996),
(1109,1109,93847,1,0,0,133054),
(1110,1110,93848,1,0,0,135346),
(1111,1111,93864,1,0,0,135037);

REPLACE INTO `battlepay_product` (`ProductID`, `NormalPriceFixedPoint`, `CurrentPriceFixedPoint`, `Type`, `ChoiceType`, `Flags`, `DisplayInfoID`, `ScriptName`, `ClassMask`, `WebsiteType`) VALUES
(1000,4,4,0,2,104399,1000,'',0,3),
(1001,4,4,0,2,104403,1001,'',0,3),
(1002,4,4,0,2,104409,1002,'',0,3),
(1003,4,4,0,2,104408,1003,'',0,3),
(1004,4,4,0,2,104407,1004,'',0,3),
(1005,4,4,0,2,104406,1005,'',0,3),
(1006,4,4,0,2,104405,1006,'',0,3),
(1007,4,4,0,2,104404,1007,'',0,3),
(1008,4,4,0,2,104402,1008,'',0,3),
(1009,4,4,0,2,104401,1009,'',0,3),
(1010,4,4,0,2,104400,1010,'',0,3),
(1011,4,4,0,2,93903,1011,'',0,3),
(1012,4,4,0,2,93902,1012,'',0,3),
(1013,4,4,0,2,93900,1013,'',0,3),
(1014,4,4,0,2,93899,1014,'',0,3),
(1015,4,4,0,2,93898,1015,'',0,3),
(1016,4,4,0,2,93897,1016,'',0,3),
(1017,4,4,0,2,93896,1017,'',0,3),
(1018,4,4,0,2,93866,1018,'',0,3),
(1019,4,4,0,2,93867,1019,'',0,3),
(1020,4,4,0,2,93876,1020,'',0,3),
(1021,4,4,0,2,93885,1021,'',0,3),
(1022,4,4,0,2,93886,1022,'',0,3),
(1023,4,4,0,2,93887,1023,'',0,3),
(1024,4,4,0,2,93888,1024,'',0,3),
(1025,4,4,0,2,93889,1025,'',0,3),
(1026,4,4,0,2,93890,1026,'',0,3),
(1027,4,4,0,2,93891,1027,'',0,3),
(1028,4,4,0,2,93892,1028,'',0,3),
(1029,4,4,0,2,93893,1029,'',0,3),
(1030,4,4,0,2,93894,1030,'',0,3),
(1031,4,4,0,2,93895,1031,'',0,3),
(1032,4,4,0,2,93865,1032,'',0,3),
(1033,4,4,0,2,93904,1033,'',0,3),
(1034,4,4,0,2,44105,1034,'',0,3),
(1035,4,4,0,2,62029,1035,'',0,3),
(1036,4,4,0,2,62038,1036,'',0,3),
(1037,4,4,0,2,62039,1037,'',0,3),
(1038,4,4,0,2,62040,1038,'',0,3),
(1039,4,4,0,2,69887,1039,'',0,3),
(1040,4,4,0,2,69888,1040,'',0,3),
(1041,4,4,0,2,69892,1041,'',0,3),
(1042,4,4,0,2,69889,1042,'',0,3),
(1043,4,4,0,2,69890,1043,'',0,3),
(1044,4,4,0,2,62027,1044,'',0,3),
(1045,4,4,0,2,62026,1045,'',0,3),
(1046,4,4,0,2,61931,1046,'',0,3),
(1047,4,4,0,2,61935,1047,'',0,3),
(1048,4,4,0,2,61936,1048,'',0,3),
(1049,4,4,0,2,61937,1049,'',0,3),
(1050,4,4,0,2,61942,1050,'',0,3),
(1051,4,4,0,2,61958,1051,'',0,3),
(1052,4,4,0,2,62023,1052,'',0,3),
(1053,4,4,0,2,62024,1053,'',0,3),
(1054,4,4,0,2,62025,1054,'',0,3),
(1055,4,4,0,2,69893,1055,'',0,3),
(1056,4,4,0,2,42946,1056,'',0,3),
(1057,4,4,0,2,42992,1057,'',0,3),
(1058,4,4,0,2,44097,1058,'',0,3),
(1059,4,4,0,2,44098,1059,'',0,3),
(1060,4,4,0,2,50255,1060,'',0,3),
(1061,4,4,0,2,42952,1061,'',0,3),
(1062,4,4,0,2,42984,1062,'',0,3),
(1063,4,4,0,2,44103,1063,'',0,3),
(1064,4,4,0,2,48689,1064,'',0,3),
(1065,4,4,0,2,44101,1065,'',0,3),
(1066,4,4,0,2,42950,1066,'',0,3),
(1067,4,4,0,2,44102,1067,'',0,3),
(1068,4,4,0,2,48677,1068,'',0,3),
(1069,4,4,0,2,42991,1069,'',0,3),
(1070,4,4,0,2,48718,1070,'',0,3),
(1071,4,4,0,2,44093,1071,'',0,3),
(1072,4,4,0,2,42944,1072,'',0,3),
(1073,4,4,0,2,44091,1073,'',0,3),
(1074,4,4,0,2,44096,1074,'',0,3),
(1075,4,4,0,2,48716,1075,'',0,3),
(1076,4,4,0,2,42945,1076,'',0,3),
(1077,4,4,0,2,42948,1077,'',0,3),
(1078,4,4,0,2,44094,1078,'',0,3),
(1079,4,4,0,2,42943,1079,'',0,3),
(1080,4,4,0,2,42947,1080,'',0,3),
(1081,4,4,0,2,44092,1081,'',0,3),
(1082,4,4,0,2,44095,1082,'',0,3),
(1083,4,4,0,2,48683,1083,'',0,3),
(1084,4,4,0,2,42949,1084,'',0,3),
(1085,4,4,0,2,93851,1085,'',0,3),
(1086,4,4,0,2,93852,1086,'',0,3),
(1087,4,4,0,2,93853,1087,'',0,3),
(1088,4,4,0,2,93855,1088,'',0,3),
(1089,4,4,0,2,93856,1089,'',0,3),
(1090,4,4,0,2,93857,1090,'',0,3),
(1091,4,4,0,2,93858,1091,'',0,3),
(1092,4,4,0,2,93859,1092,'',0,3),
(1093,4,4,0,2,93860,1093,'',0,3),
(1094,4,4,0,2,93861,1094,'',0,3),
(1095,4,4,0,2,93862,1095,'',0,3),
(1096,4,4,0,2,93863,1096,'',0,3),
(1097,4,4,0,2,93850,1097,'',0,3),
(1098,4,4,0,2,93849,1098,'',0,3),
(1099,4,4,0,2,44100,1099,'',0,3),
(1100,4,4,0,2,48685,1100,'',0,3),
(1101,4,4,0,2,42985,1101,'',0,3),
(1102,4,4,0,2,44107,1102,'',0,3),
(1103,4,4,0,2,48691,1103,'',0,3),
(1104,4,4,0,2,93841,1104,'',0,3),
(1105,4,4,0,2,93843,1105,'',0,3),
(1106,4,4,0,2,93844,1106,'',0,3),
(1107,4,4,0,2,93845,1107,'',0,3),
(1108,4,4,0,2,93846,1108,'',0,3),
(1109,4,4,0,2,93847,1109,'',0,3),
(1110,4,4,0,2,93848,1110,'',0,3),
(1111,4,4,0,2,93864,1111,'',0,3);

REPLACE INTO `battlepay_display_info` (`DisplayInfoId`, `CreatureDisplayInfoID`, `FileDataID`, `Flags`, `Name1`, `Name2`, `Name3`, `Name4`) VALUES
(1000,'898350','0','0','|cffe5cc80Hellscream\'s Warbow','','',''),
(1001,'898068','0','0','|cffe5cc80Hellscream\'s Pig Sticker','','',''),
(1002,'902177','0','0','|cffe5cc80Hellscream\'s Barrier','','',''),
(1003,'898247','0','0','|cffe5cc80Hellscream\'s Tome of Destruction','','',''),
(1004,'902177','0','0','|cffe5cc80Hellscream\'s Shield Wall','','',''),
(1005,'902178','0','0','|cffe5cc80Hellscream\'s War Staff','','',''),
(1006,'897831','0','0','|cffe5cc80Hellscream\'s Decapitator','','',''),
(1007,'898066','0','0','|cffe5cc80Hellscream\'s Cleaver','','',''),
(1008,'898067','0','0','|cffe5cc80Hellscream\'s Warmace','','',''),
(1009,'898069','0','0','|cffe5cc80Hellscream\'s Doomblade','','',''),
(1010,'897179','0','0','|cffe5cc80Hellscream\'s Razor','','',''),
(1011,'134959','0','0','|cffe5cc80Weathered Observer\'s Shield','','',''),
(1012,'134966','0','0','|cffe5cc80Flamescarred Draconian Deflector','','',''),
(1013,'133442','0','0','|cffe5cc80Inherited Mark of Tyranny','','',''),
(1014,'133452','0','0','|cffe5cc80Bequeathed Insignia of the Alliance','','',''),
(1015,'133453','0','0','|cffe5cc80Bequeathed Insignia of the Horde','','',''),
(1016,'133441','0','0','|cffe5cc80Piercing Eye of the Beast','','',''),
(1017,'133434','0','0','|cffe5cc80Forceful Hand of Justice','','',''),
(1018,'135032','0','0','|cffe5cc80Wild Feralheart Spaulders','','',''),
(1019,'135036','0','0','|cffe5cc80Superior Stormshroud Shoulders','','',''),
(1020,'135060','0','0','|cffe5cc80Awakened Pauldrons of Elements','','',''),
(1021,'132633','0','0','|cffe5cc80Awakened Vest of Elements','','',''),
(1022,'135041','0','0','|cffe5cc80Adorned Beastmaster\'s Mantle','','',''),
(1023,'135032','0','0','|cffe5cc80Grand Champion Herod\'s Shoulder','','',''),
(1024,'132629','0','0','|cffe5cc80Furious Deathdealer Breastplate','','',''),
(1025,'135060','0','0','|cffe5cc80Venerated Pauldrons of The Five Thunders','','',''),
(1026,'135061','0','0','|cffe5cc80Gleaming Spaulders of Valor','','',''),
(1027,'132738','0','0','|cffe5cc80Gleaming Breastplate of Valor','','',''),
(1028,'132751','0','0','|cffe5cc80Brushed Breastplate of Might','','',''),
(1029,'135045','0','0','|cffe5cc80Brushed Pauldrons of Might','','',''),
(1030,'135041','0','0','|cffe5cc80Immaculate Lightforge Spaulders','','',''),
(1031,'135051','0','0','|cffe5cc80Reinforced Stockade Pauldrons','','',''),
(1032,'132721','0','0','|cffe5cc80Majestic Ironfeather Breastplate','','',''),
(1033,'133738','0','0','|cffe5cc80Musty Tome of the Lost','','',''),
(1034,'135032','0','0','|cffe5cc80Lasting Feralheart Spaulders','','',''),
(1035,'134588','0','0','|cffe5cc80Tattered Dreadmist Leggings','','',''),
(1036,'133771','0','0','|cffe5cc80Worn Stoneskin Gargoyle Cape','','',''),
(1037,'133772','0','0','|cffe5cc80Inherited Cape of the Black Baron','','',''),
(1038,'133757','0','0','|cffe5cc80Ancient Bloodmoon Cloak','','',''),
(1039,'133077','0','0','|cffe5cc80Burnished Helm of Might','','',''),
(1040,'134584','0','0','|cffe5cc80Burnished Legplates of Might','','',''),
(1041,'133758','0','0','|cffe5cc80Ripped Sandstorm Cloak','','',''),
(1042,'132751','0','0','|cffe5cc80Burnished Breastplate of Might','','',''),
(1043,'135045','0','0','|cffe5cc80Burnished Pauldrons of Might','','',''),
(1044,'134628','0','0','|cffe5cc80Preened Wildfeather Leggings','','',''),
(1045,'134582','0','0','|cffe5cc80Stained Shadowcraft Pants','','',''),
(1046,'133070','0','0','|cffe5cc80Polished Helm of Valor','','',''),
(1047,'133127','0','0','|cffe5cc80Tarnished Raging Berserker\'s Helm','','',''),
(1048,'133072','0','0','|cffe5cc80Mystical Coif of Elements','','',''),
(1049,'133143','0','0','|cffe5cc80Stained Shadowcraft Cap','','',''),
(1050,'133126','0','0','|cffe5cc80Preened Tribal War Feathers','','',''),
(1051,'133131','0','0','|cffe5cc80Tattered Dreadmist Mask','','',''),
(1052,'134584','0','0','|cffe5cc80Polished Legplates of Valor','','',''),
(1053,'134583','0','0','|cffe5cc80Tarnished Leggings of Destruction','','',''),
(1054,'134583','0','0','|cffe5cc80Mystical Kilt of Elements','','',''),
(1055,'135302','0','0','|cffe5cc80Bloodsoaked Skullforge Reaver','','',''),
(1056,'135496','0','0','|cffe5cc80Charmed Ancient Bone Bow','','',''),
(1057,'133441','0','0','|cffe5cc80Discerning Eye of the Beast','','',''),
(1058,'133453','0','0','|cffe5cc80Inherited Insignia of the Horde','','',''),
(1059,'133452','0','0','|cffe5cc80Inherited Insignia of the Alliance','','',''),
(1060,'133381','0','0','|cffe5cc80Dread Pirate Ring','','',''),
(1061,'135038','0','0','|cffe5cc80Stained Shadowcraft Spaulders','','',''),
(1062,'135037','0','0','|cffe5cc80Preened Ironfeather Shoulders','','',''),
(1063,'135036','0','0','|cffe5cc80Exceptional Stormshroud Shoulders','','',''),
(1064,'132722','0','0','|cffe5cc80Stained Shadowcraft Tunic','','',''),
(1065,'135041','0','0','|cffe5cc80Prized Beastmaster\'s Mantle','','',''),
(1066,'135032','0','0','|cffe5cc80Champion Herod\'s Shoulder','','',''),
(1067,'135060','0','0','|cffe5cc80Aged Pauldrons of The Five Thunders','','',''),
(1068,'132629','0','0','|cffe5cc80Champion\'s Deathdealer Breastplate','','',''),
(1069,'133434','0','0','|cffe5cc80Swift Hand of Justice','','',''),
(1070,'132996','0','0','|cffe5cc80Repurposed Lava Dredger','','',''),
(1071,'135618','0','0','|cffe5cc80Upgraded Dwarven Hand Cannon','','',''),
(1072,'135315','0','0','|cffe5cc80Balanced Heartseeker','','',''),
(1073,'135639','0','0','|cffe5cc80Sharpened Scarlet Kris','','',''),
(1074,'135346','0','0','|cffe5cc80Battleworn Thrash Blade','','',''),
(1075,'133054','0','0','|cffe5cc80Venerable Mass of McGowan','','',''),
(1076,'135353','0','0','|cffe5cc80Venerable Dal\'Rend\'s Sacred Charge','','',''),
(1077,'133042','0','0','|cffe5cc80Devout Aurastone Hammer','','',''),
(1078,'133044','0','0','|cffe5cc80The Blessed Hammer of Grace','','',''),
(1079,'132400','0','0','|cffe5cc80Bloodied Arcanite Reaper','','',''),
(1080,'133445','0','0','|cffe5cc80Dignified Headmaster\'s Charge','','',''),
(1081,'135317','0','0','|cffe5cc80Reforged Truesilver Champion','','',''),
(1082,'135150','0','0','|cffe5cc80Grand Staff of Jordan','','',''),
(1083,'132633','0','0','|cffe5cc80Mystical Vest of Elements','','',''),
(1084,'135061','0','0','|cffe5cc80Polished Spaulders of Valor','','',''),
(1085,'135317','0','0','|cffe5cc80Battle-Forged Truesilver Champion','','',''),
(1086,'135639','0','0','|cffe5cc80Deadly Scarlet Kris','','',''),
(1087,'133042','0','0','|cffe5cc80Pious Aurastone Hammer','','',''),
(1088,'135496','0','0','|cffe5cc80War-Torn Ancient Bone Bow','','',''),
(1089,'135353','0','0','|cffe5cc80Noble Dal\'Rend\'s Sacred Charge','','',''),
(1090,'135315','0','0','|cffe5cc80Vengeful Heartseeker','','',''),
(1091,'237499','0','0','|cffe5cc80Brawler\'s Bladed Claws','','',''),
(1092,'133732','0','0','|cffe5cc80Bloodstained Dreadmist Mantle','','',''),
(1093,'132690','0','0','|cffe5cc80Bloodstained Dreadmist Robe','','',''),
(1094,'135033','0','0','|cffe5cc80Prestigious Sunderseer Mantle','','',''),
(1095,'135038','0','0','|cffe5cc80Supple Shadowcraft Spaulders','','',''),
(1096,'132722','0','0','|cffe5cc80Supple Shadowcraft Tunic','','',''),
(1097,'133044','0','0','|cffe5cc80The Sanctified Hammer of Grace','','',''),
(1098,'135150','0','0','|cffe5cc80Elder Staff of Jordan','','',''),
(1099,'135041','0','0','|cffe5cc80Pristine Lightforge Spaulders','','',''),
(1100,'132738','0','0','|cffe5cc80Polished Breastplate of Valor','','',''),
(1101,'133732','0','0','|cffe5cc80Tattered Dreadmist Mantle','','',''),
(1102,'135033','0','0','|cffe5cc80Exquisite Sunderseer Mantle','','',''),
(1103,'132690','0','0','|cffe5cc80Tattered Dreadmist Robe','','',''),
(1104,'135618','0','0','|cffe5cc80Smoothbore Dwarven Hand Cannon','','',''),
(1105,'132400','0','0','|cffe5cc80Hardened Arcanite Reaper','','',''),
(1106,'135166','0','0','|cffe5cc80Refinished Warden Staff','','',''),
(1107,'135302','0','0','|cffe5cc80Gore-Steeped Skullforge Reaver','','',''),
(1108,'132996','0','0','|cffe5cc80Re-Engineered Lava Dredger','','',''),
(1109,'133054','0','0','|cffe5cc80Crushing Mass of McGowan','','',''),
(1110,'135346','0','0','|cffe5cc80Battle-Hardened Thrash Blade','','',''),
(1111,'135037','0','0','|cffe5cc80Majestic Ironfeather Shoulders','','','');

REPLACE INTO `battlepay_display_info_locales` (`Id`, `Locale`, `Name1`, `Name3`) VALUES
(1000,'esES','|cffe5cc80Arco de guerra de Grito Infernal',''),
(1001,'esES','|cffe5cc80Pica de jabalíes de Grito Infernal',''),
(1002,'esES','|cffe5cc80Barrera de Grito Infernal',''),
(1003,'esES','|cffe5cc80Escrito sobre destrucción de Grito Infernal',''),
(1004,'esES','|cffe5cc80Escudo muro de Grito Infernal',''),
(1005,'esES','|cffe5cc80Bastón de guerra de Grito Infernal',''),
(1006,'esES','|cffe5cc80Decapitadora de Grito Infernal',''),
(1007,'esES','|cffe5cc80Cuchilla de Grito Infernal',''),
(1008,'esES','|cffe5cc80Maza de guerra de Grito Infernal',''),
(1009,'esES','|cffe5cc80Hoja funesta de Grito Infernal',''),
(1010,'esES','|cffe5cc80Navaja de Grito Infernal',''),
(1011,'esES','|cffe5cc80Escudo deteriorado del observador',''),
(1012,'esES','|cffe5cc80Deflector draconiano marcado por las llamas',''),
(1013,'esES','|cffe5cc80Marca de Tiranía heredada',''),
(1014,'esES','|cffe5cc80Insignia legada de la Alianza',''),
(1015,'esES','|cffe5cc80Insignia legada de la Horda',''),
(1016,'esES','|cffe5cc80Ojo de la bestia penetrante',''),
(1017,'esES','|cffe5cc80Mano fuerte de justicia',''),
(1018,'esES','|cffe5cc80Bufas Cuoroferal salvajes',''),
(1019,'esES','|cffe5cc80Sobrehombros de embozo de tormenta excelentes',''),
(1020,'esES','|cffe5cc80Espaldares despiertos de elementos',''),
(1021,'esES','|cffe5cc80Jubón despierto de elementos',''),
(1022,'esES','|cffe5cc80Manto de maestro de bestias adornado',''),
(1023,'esES','|cffe5cc80Hombro del gran campeón Herod',''),
(1024,'esES','|cffe5cc80Coraza de mortífero furioso',''),
(1025,'esES','|cffe5cc80Espaldares venerados de los Cinco Truenos',''),
(1026,'esES','|cffe5cc80Bufas de valor pulidas',''),
(1027,'esES','|cffe5cc80Coraza reluciente de valor',''),
(1028,'esES','|cffe5cc80Coraza de poderío pulimentada',''),
(1029,'esES','|cffe5cc80Espaldares de poderío pulimentados',''),
(1030,'esES','|cffe5cc80Bufas Forjaluz inmaculadas',''),
(1031,'esES','|cffe5cc80Espaldares de empalizada reforzados',''),
(1032,'esES','|cffe5cc80Coraza Plumahierro majestuosa',''),
(1033,'esES','|cffe5cc80Escrito de los Perdidos mohoso',''),
(1034,'esES','|cffe5cc80Bufas cuoroferal duraderas',''),
(1035,'esES','|cffe5cc80Leotardos calígine andrajosos',''),
(1036,'esES','|cffe5cc80Manteo de gárgola piel de piedra desgastado',''),
(1037,'esES','|cffe5cc80Manteo heredado del barón negro',''),
(1038,'esES','|cffe5cc80Capa de Luna de sangre antigua',''),
(1039,'esES','|cffe5cc80Yelmo de poderío bruñido',''),
(1040,'esES','|cffe5cc80Quijotes de poderío bruñidos',''),
(1041,'esES','|cffe5cc80Capa Tormenta de Arena rasgada',''),
(1042,'esES','|cffe5cc80Coraza de poderío bruñida',''),
(1043,'esES','|cffe5cc80Espaldares de poderío bruñidos',''),
(1044,'esES','|cffe5cc80Leotardos de plumas salvajes atusados',''),
(1045,'esES','|cffe5cc80Pantalones arte sombrío manchados',''),
(1046,'esES','|cffe5cc80Yelmo de valor pulido',''),
(1047,'esES','|cffe5cc80Yelmo de rabioso enfurecido deslustrado',''),
(1048,'esES','|cffe5cc80Almófar de elementos místico',''),
(1049,'esES','|cffe5cc80Almete arte sombrío manchado',''),
(1050,'esES','|cffe5cc80Plumas de guerra tribales atusadas',''),
(1051,'esES','|cffe5cc80Máscara calígine andrajosa',''),
(1052,'esES','|cffe5cc80Quijotes de valor pulidos',''),
(1053,'esES','|cffe5cc80Leotardos de destrucción deslustrados',''),
(1054,'esES','|cffe5cc80Falda de elementos mística',''),
(1055,'esES','|cffe5cc80Espetadora forjacráneos empapada de sangre',''),
(1056,'esES','|cffe5cc80Arco de hueso antiguo encantado',''),
(1057,'esES','|cffe5cc80Ojo de la bestia exigente',''),
(1058,'esES','|cffe5cc80Insignia heredada de la Horda',''),
(1059,'esES','|cffe5cc80Insignia heredada de la Alianza',''),
(1060,'esES','|cffe5cc80Anillo de pirata aterrador',''),
(1061,'esES','|cffe5cc80Bufas arte sombrío manchadas',''),
(1062,'esES','|cffe5cc80Sobrehombros Plumahierro atusados',''),
(1063,'esES','|cffe5cc80Sobrehombros de embozo de tormenta excepcionales',''),
(1064,'esES','|cffe5cc80Guerrera arte sombrío manchada',''),
(1065,'esES','|cffe5cc80Manto de maestro de bestias preciado',''),
(1066,'esES','|cffe5cc80Hombro del Campeón Herod',''),
(1067,'esES','|cffe5cc80Espaldares viejos de los Cinco Truenos',''),
(1068,'esES','|cffe5cc80Coraza de mortífero de Campeón',''),
(1069,'esES','|cffe5cc80Mano presta de justicia',''),
(1070,'esES','|cffe5cc80Draga de lava de nueva funcionalidad',''),
(1071,'esES','|cffe5cc80Culebrina enana mejorada',''),
(1072,'esES','|cffe5cc80Buscacorazones equilibrada',''),
(1073,'esES','|cffe5cc80Kris Escarlata afilado',''),
(1074,'esES','|cffe5cc80Hoja de vapulear desgastada por la batalla',''),
(1075,'esES','|cffe5cc80Maza venerable de McGowan',''),
(1076,'esES','|cffe5cc80Carga sagrada de Dal\'Rend venerable',''),
(1077,'esES','|cffe5cc80Martillo de piedra de aura de devoto',''),
(1078,'esES','|cffe5cc80El martillo bendito de Gracia',''),
(1079,'esES','|cffe5cc80Segadora de arcanita ensangrentada',''),
(1080,'esES','|cffe5cc80Carga de rector dignificado',''),
(1081,'esES','|cffe5cc80Campeón de veraplata reforjado',''),
(1082,'esES','|cffe5cc80Gran bastón de Jordan',''),
(1083,'esES','|cffe5cc80Jubón místico de elementos',''),
(1084,'esES','|cffe5cc80Bufas de valor pulidas',''),
(1085,'esES','|cffe5cc80Campeón de veraplata curtido en batalla',''),
(1086,'esES','|cffe5cc80Kris Escarlata mortal',''),
(1087,'esES','|cffe5cc80Martillo de piedra de aura piadoso',''),
(1088,'esES','|cffe5cc80Arco de hueso antiguo destrozado por la guerra',''),
(1089,'esES','|cffe5cc80Carga sagrada de Dal\'Rend noble',''),
(1090,'esES','|cffe5cc80Buscacorazones vengativa',''),
(1091,'esES','|cffe5cc80Garras con hojas de camorrista',''),
(1092,'esES','|cffe5cc80Manto calígine manchado de sangre',''),
(1093,'esES','|cffe5cc80Toga calígine manchada de sangre',''),
(1094,'esES','|cffe5cc80Manto de hendevidente prestigioso',''),
(1095,'esES','|cffe5cc80Bufas arte sombrío flexibles',''),
(1096,'esES','|cffe5cc80Guerrera arte sombrío flexible',''),
(1097,'esES','|cffe5cc80El martillo santificado de gracia',''),
(1098,'esES','|cffe5cc80Bastón de anciano de Jordan',''),
(1099,'esES','|cffe5cc80Bufas Forjaluz prístinas',''),
(1100,'esES','|cffe5cc80Coraza pulida de valor',''),
(1101,'esES','|cffe5cc80Manto calígine andrajoso',''),
(1102,'esES','|cffe5cc80Manto de hendevidente exquisito',''),
(1103,'esES','|cffe5cc80Toga calígine andrajosa',''),
(1104,'esES','|cffe5cc80Culebrina enana de ánima lisa',''),
(1105,'esES','|cffe5cc80Segadora de arcanita endurecida',''),
(1106,'esES','|cffe5cc80Bastón de celador refinado',''),
(1107,'esES','|cffe5cc80Espetadora forjacráneos embebida de sangre',''),
(1108,'esES','|cffe5cc80Draga de lava remodelada',''),
(1109,'esES','|cffe5cc80Maza aplastante de McGowan',''),
(1110,'esES','|cffe5cc80Hoja de vapulear endurecida por la batalla',''),
(1111,'esES','|cffe5cc80Sobrehombros Plumahierro majestuosos',''),
(1000,'esMX','|cffe5cc80Arco de guerra de Grito Infernal',''),
(1001,'esMX','|cffe5cc80Pica de jabalíes de Grito Infernal',''),
(1002,'esMX','|cffe5cc80Barrera de Grito Infernal',''),
(1003,'esMX','|cffe5cc80Escrito sobre destrucción de Grito Infernal',''),
(1004,'esMX','|cffe5cc80Escudo muro de Grito Infernal',''),
(1005,'esMX','|cffe5cc80Bastón de guerra de Grito Infernal',''),
(1006,'esMX','|cffe5cc80Decapitadora de Grito Infernal',''),
(1007,'esMX','|cffe5cc80Cuchilla de Grito Infernal',''),
(1008,'esMX','|cffe5cc80Maza de guerra de Grito Infernal',''),
(1009,'esMX','|cffe5cc80Hoja funesta de Grito Infernal',''),
(1010,'esMX','|cffe5cc80Navaja de Grito Infernal',''),
(1011,'esMX','|cffe5cc80Escudo deteriorado del observador',''),
(1012,'esMX','|cffe5cc80Deflector draconiano marcado por las llamas',''),
(1013,'esMX','|cffe5cc80Marca de Tiranía heredada',''),
(1014,'esMX','|cffe5cc80Insignia legada de la Alianza',''),
(1015,'esMX','|cffe5cc80Insignia legada de la Horda',''),
(1016,'esMX','|cffe5cc80Ojo de la bestia penetrante',''),
(1017,'esMX','|cffe5cc80Mano fuerte de justicia',''),
(1018,'esMX','|cffe5cc80Bufas Cuoroferal salvajes',''),
(1019,'esMX','|cffe5cc80Sobrehombros de embozo de tormenta excelentes',''),
(1020,'esMX','|cffe5cc80Espaldares despiertos de elementos',''),
(1021,'esMX','|cffe5cc80Jubón despierto de elementos',''),
(1022,'esMX','|cffe5cc80Manto de maestro de bestias adornado',''),
(1023,'esMX','|cffe5cc80Hombro del gran campeón Herod',''),
(1024,'esMX','|cffe5cc80Coraza de mortífero furioso',''),
(1025,'esMX','|cffe5cc80Espaldares venerados de los Cinco Truenos',''),
(1026,'esMX','|cffe5cc80Bufas de valor pulidas',''),
(1027,'esMX','|cffe5cc80Coraza reluciente de valor',''),
(1028,'esMX','|cffe5cc80Coraza de poderío pulimentada',''),
(1029,'esMX','|cffe5cc80Espaldares de poderío pulimentados',''),
(1030,'esMX','|cffe5cc80Bufas Forjaluz inmaculadas',''),
(1031,'esMX','|cffe5cc80Espaldares de empalizada reforzados',''),
(1032,'esMX','|cffe5cc80Coraza Plumahierro majestuosa',''),
(1033,'esMX','|cffe5cc80Escrito de los Perdidos mohoso',''),
(1034,'esMX','|cffe5cc80Bufas cuoroferal duraderas',''),
(1035,'esMX','|cffe5cc80Leotardos calígine andrajosos',''),
(1036,'esMX','|cffe5cc80Manteo de gárgola piel de piedra desgastado',''),
(1037,'esMX','|cffe5cc80Manteo heredado del barón negro',''),
(1038,'esMX','|cffe5cc80Capa de Luna de sangre antigua',''),
(1039,'esMX','|cffe5cc80Yelmo de poderío bruñido',''),
(1040,'esMX','|cffe5cc80Quijotes de poderío bruñidos',''),
(1041,'esMX','|cffe5cc80Capa Tormenta de Arena rasgada',''),
(1042,'esMX','|cffe5cc80Coraza de poderío bruñida',''),
(1043,'esMX','|cffe5cc80Espaldares de poderío bruñidos',''),
(1044,'esMX','|cffe5cc80Leotardos de plumas salvajes atusados',''),
(1045,'esMX','|cffe5cc80Pantalones arte sombrío manchados',''),
(1046,'esMX','|cffe5cc80Yelmo de valor pulido',''),
(1047,'esMX','|cffe5cc80Yelmo de rabioso enfurecido deslustrado',''),
(1048,'esMX','|cffe5cc80Almófar de elementos místico',''),
(1049,'esMX','|cffe5cc80Almete arte sombrío manchado',''),
(1050,'esMX','|cffe5cc80Plumas de guerra tribales atusadas',''),
(1051,'esMX','|cffe5cc80Máscara calígine andrajosa',''),
(1052,'esMX','|cffe5cc80Quijotes de valor pulidos',''),
(1053,'esMX','|cffe5cc80Leotardos de destrucción deslustrados',''),
(1054,'esMX','|cffe5cc80Falda de elementos mística',''),
(1055,'esMX','|cffe5cc80Espetadora forjacráneos empapada de sangre',''),
(1056,'esMX','|cffe5cc80Arco de hueso antiguo encantado',''),
(1057,'esMX','|cffe5cc80Ojo de la bestia exigente',''),
(1058,'esMX','|cffe5cc80Insignia heredada de la Horda',''),
(1059,'esMX','|cffe5cc80Insignia heredada de la Alianza',''),
(1060,'esMX','|cffe5cc80Anillo de pirata aterrador',''),
(1061,'esMX','|cffe5cc80Bufas arte sombrío manchadas',''),
(1062,'esMX','|cffe5cc80Sobrehombros Plumahierro atusados',''),
(1063,'esMX','|cffe5cc80Sobrehombros de embozo de tormenta excepcionales',''),
(1064,'esMX','|cffe5cc80Guerrera arte sombrío manchada',''),
(1065,'esMX','|cffe5cc80Manto de maestro de bestias preciado',''),
(1066,'esMX','|cffe5cc80Hombro del Campeón Herod',''),
(1067,'esMX','|cffe5cc80Espaldares viejos de los Cinco Truenos',''),
(1068,'esMX','|cffe5cc80Coraza de mortífero de Campeón',''),
(1069,'esMX','|cffe5cc80Mano presta de justicia',''),
(1070,'esMX','|cffe5cc80Draga de lava de nueva funcionalidad',''),
(1071,'esMX','|cffe5cc80Culebrina enana mejorada',''),
(1072,'esMX','|cffe5cc80Buscacorazones equilibrada',''),
(1073,'esMX','|cffe5cc80Kris Escarlata afilado',''),
(1074,'esMX','|cffe5cc80Hoja de vapulear desgastada por la batalla',''),
(1075,'esMX','|cffe5cc80Maza venerable de McGowan',''),
(1076,'esMX','|cffe5cc80Carga sagrada de Dal\'Rend venerable',''),
(1077,'esMX','|cffe5cc80Martillo de piedra de aura de devoto',''),
(1078,'esMX','|cffe5cc80El martillo bendito de Gracia',''),
(1079,'esMX','|cffe5cc80Segadora de arcanita ensangrentada',''),
(1080,'esMX','|cffe5cc80Carga de rector dignificado',''),
(1081,'esMX','|cffe5cc80Campeón de veraplata reforjado',''),
(1082,'esMX','|cffe5cc80Gran bastón de Jordan',''),
(1083,'esMX','|cffe5cc80Jubón místico de elementos',''),
(1084,'esMX','|cffe5cc80Bufas de valor pulidas',''),
(1085,'esMX','|cffe5cc80Campeón de veraplata curtido en batalla',''),
(1086,'esMX','|cffe5cc80Kris Escarlata mortal',''),
(1087,'esMX','|cffe5cc80Martillo de piedra de aura piadoso',''),
(1088,'esMX','|cffe5cc80Arco de hueso antiguo destrozado por la guerra',''),
(1089,'esMX','|cffe5cc80Carga sagrada de Dal\'Rend noble',''),
(1090,'esMX','|cffe5cc80Buscacorazones vengativa',''),
(1091,'esMX','|cffe5cc80Garras con hojas de camorrista',''),
(1092,'esMX','|cffe5cc80Manto calígine manchado de sangre',''),
(1093,'esMX','|cffe5cc80Toga calígine manchada de sangre',''),
(1094,'esMX','|cffe5cc80Manto de hendevidente prestigioso',''),
(1095,'esMX','|cffe5cc80Bufas arte sombrío flexibles',''),
(1096,'esMX','|cffe5cc80Guerrera arte sombrío flexible',''),
(1097,'esMX','|cffe5cc80El martillo santificado de gracia',''),
(1098,'esMX','|cffe5cc80Bastón de anciano de Jordan',''),
(1099,'esMX','|cffe5cc80Bufas Forjaluz prístinas',''),
(1100,'esMX','|cffe5cc80Coraza pulida de valor',''),
(1101,'esMX','|cffe5cc80Manto calígine andrajoso',''),
(1102,'esMX','|cffe5cc80Manto de hendevidente exquisito',''),
(1103,'esMX','|cffe5cc80Toga calígine andrajosa',''),
(1104,'esMX','|cffe5cc80Culebrina enana de ánima lisa',''),
(1105,'esMX','|cffe5cc80Segadora de arcanita endurecida',''),
(1106,'esMX','|cffe5cc80Bastón de celador refinado',''),
(1107,'esMX','|cffe5cc80Espetadora forjacráneos embebida de sangre',''),
(1108,'esMX','|cffe5cc80Draga de lava remodelada',''),
(1109,'esMX','|cffe5cc80Maza aplastante de McGowan',''),
(1110,'esMX','|cffe5cc80Hoja de vapulear endurecida por la batalla',''),
(1111,'esMX','|cffe5cc80Sobrehombros Plumahierro majestuosos','');